[METRICS ERR] 1785735360: Traceback (most recent call last):
  File "D:\Projects_2026\ESP32_CYD_Smart_Desk_Dashboard\pc_utility\pc_monitor_app\main.py", line 336, in stream_loop
    if os.path.exists(drive_path):
       ^^
NameError: name 'os' is not defined. Did you forget to import 'os'?

[METRICS ERR] 1785735362: Traceback (most recent call last):
  File "D:\Projects_2026\ESP32_CYD_Smart_Desk_Dashboard\pc_utility\pc_monitor_app\main.py", line 336, in stream_loop
    if os.path.exists(drive_path):
       ^^
NameError: name 'os' is not defined. Did you forget to import 'os'?

[METRICS ERR] 1785735364: Traceback (most recent call last):
  File "D:\Projects_2026\ESP32_CYD_Smart_Desk_Dashboard\pc_utility\pc_monitor_app\main.py", line 336, in stream_loop
    if os.path.exists(drive_path):
       ^^
NameError: name 'os' is not defined. Did you forget to import 'os'?

[METRICS ERR] 1785735366: Traceback (most recent call last):
  File "D:\Projects_2026\ESP32_CYD_Smart_Desk_Dashboard\pc_utility\pc_monitor_app\main.py", line 336, in stream_loop
    if os.path.exists(drive_path):
       ^^
NameError: name 'os' is not defined. Did you forget to import 'os'?

[METRICS ERR] 1785735368: Traceback (most recent call last):
  File "D:\Projects_2026\ESP32_CYD_Smart_Desk_Dashboard\pc_utility\pc_monitor_app\main.py", line 336, in stream_loop
    if os.path.exists(drive_path):
       ^^
NameError: name 'os' is not defined. Did you forget to import 'os'?

[METRICS ERR] 1785735370: Traceback (most recent call last):
  File "D:\Projects_2026\ESP32_CYD_Smart_Desk_Dashboard\pc_utility\pc_monitor_app\main.py", line 336, in stream_loop
    if os.path.exists(drive_path):
       ^^
NameError: name 'os' is not defined. Did you forget to import 'os'?

[METRICS ERR] 1785735372: Traceback (most recent call last):
  File "D:\Projects_2026\ESP32_CYD_Smart_Desk_Dashboard\pc_utility\pc_monitor_app\main.py", line 336, in stream_loop
    if os.path.exists(drive_path):
       ^^
NameError: name 'os' is not defined. Did you forget to import 'os'?

[METRICS ERR] 1785735374: Traceback (most recent call last):
  File "D:\Projects_2026\ESP32_CYD_Smart_Desk_Dashboard\pc_utility\pc_monitor_app\main.py", line 336, in stream_loop
    if os.path.exists(drive_path):
       ^^
NameError: name 'os' is not defined. Did you forget to import 'os'?

[METRICS ERR] 1785735376: Traceback (most recent call last):
  File "D:\Projects_2026\ESP32_CYD_Smart_Desk_Dashboard\pc_utility\pc_monitor_app\main.py", line 336, in stream_loop
    if os.path.exists(drive_path):
       ^^
NameError: name 'os' is not defined. Did you forget to import 'os'?

[METRICS ERR] 1785735378: Traceback (most recent call last):
  File "D:\Projects_2026\ESP32_CYD_Smart_Desk_Dashboard\pc_utility\pc_monitor_app\main.py", line 336, in stream_loop
    if os.path.exists(drive_path):
       ^^
NameError: name 'os' is not defined. Did you forget to import 'os'?

[METRICS ERR] 1785735380: Traceback (most recent call last):
  File "D:\Projects_2026\ESP32_CYD_Smart_Desk_Dashboard\pc_utility\pc_monitor_app\main.py", line 336, in stream_loop
    if os.path.exists(drive_path):
       ^^
NameError: name 'os' is not defined. Did you forget to import 'os'?

[METRICS ERR] 1785735382: Traceback (most recent call last):
  File "D:\Projects_2026\ESP32_CYD_Smart_Desk_Dashboard\pc_utility\pc_monitor_app\main.py", line 336, in stream_loop
    if os.path.exists(drive_path):
       ^^
NameError: name 'os' is not defined. Did you forget to import 'os'?

[METRICS ERR] 1785735385: Traceback (most recent call last):
  File "D:\Projects_2026\ESP32_CYD_Smart_Desk_Dashboard\pc_utility\pc_monitor_app\main.py", line 336, in stream_loop
    if os.path.exists(drive_path):
       ^^
NameError: name 'os' is not defined. Did you forget to import 'os'?

[METRICS ERR] 1785735387: Traceback (most recent call last):
  File "D:\Projects_2026\ESP32_CYD_Smart_Desk_Dashboard\pc_utility\pc_monitor_app\main.py", line 336, in stream_loop
    if os.path.exists(drive_path):
       ^^
NameError: name 'os' is not defined. Did you forget to import 'os'?

[METRICS ERR] 1785735389: Traceback (most recent call last):
  File "D:\Projects_2026\ESP32_CYD_Smart_Desk_Dashboard\pc_utility\pc_monitor_app\main.py", line 336, in stream_loop
    if os.path.exists(drive_path):
       ^^
NameError: name 'os' is not defined. Did you forget to import 'os'?

[METRICS ERR] 1785735391: Traceback (most recent call last):
  File "D:\Projects_2026\ESP32_CYD_Smart_Desk_Dashboard\pc_utility\pc_monitor_app\main.py", line 336, in stream_loop
    if os.path.exists(drive_path):
       ^^
NameError: name 'os' is not defined. Did you forget to import 'os'?

[METRICS ERR] 1785735393: Traceback (most recent call last):
  File "D:\Projects_2026\ESP32_CYD_Smart_Desk_Dashboard\pc_utility\pc_monitor_app\main.py", line 336, in stream_loop
    if os.path.exists(drive_path):
       ^^
NameError: name 'os' is not defined. Did you forget to import 'os'?

[METRICS ERR] 1785735395: Traceback (most recent call last):
  File "D:\Projects_2026\ESP32_CYD_Smart_Desk_Dashboard\pc_utility\pc_monitor_app\main.py", line 336, in stream_loop
    if os.path.exists(drive_path):
       ^^
NameError: name 'os' is not defined. Did you forget to import 'os'?

[METRICS ERR] 1785735397: Traceback (most recent call last):
  File "D:\Projects_2026\ESP32_CYD_Smart_Desk_Dashboard\pc_utility\pc_monitor_app\main.py", line 336, in stream_loop
    if os.path.exists(drive_path):
       ^^
NameError: name 'os' is not defined. Did you forget to import 'os'?

[METRICS ERR] 1785735399: Traceback (most recent call last):
  File "D:\Projects_2026\ESP32_CYD_Smart_Desk_Dashboard\pc_utility\pc_monitor_app\main.py", line 336, in stream_loop
    if os.path.exists(drive_path):
       ^^
NameError: name 'os' is not defined. Did you forget to import 'os'?

[METRICS ERR] 1785735401: Traceback (most recent call last):
  File "D:\Projects_2026\ESP32_CYD_Smart_Desk_Dashboard\pc_utility\pc_monitor_app\main.py", line 336, in stream_loop
    if os.path.exists(drive_path):
       ^^
NameError: name 'os' is not defined. Did you forget to import 'os'?

[METRICS ERR] 1785735403: Traceback (most recent call last):
  File "D:\Projects_2026\ESP32_CYD_Smart_Desk_Dashboard\pc_utility\pc_monitor_app\main.py", line 336, in stream_loop
    if os.path.exists(drive_path):
       ^^
NameError: name 'os' is not defined. Did you forget to import 'os'?

[METRICS ERR] 1785735405: Traceback (most recent call last):
  File "D:\Projects_2026\ESP32_CYD_Smart_Desk_Dashboard\pc_utility\pc_monitor_app\main.py", line 336, in stream_loop
    if os.path.exists(drive_path):
       ^^
NameError: name 'os' is not defined. Did you forget to import 'os'?

[METRICS ERR] 1785735407: Traceback (most recent call last):
  File "D:\Projects_2026\ESP32_CYD_Smart_Desk_Dashboard\pc_utility\pc_monitor_app\main.py", line 336, in stream_loop
    if os.path.exists(drive_path):
       ^^
NameError: name 'os' is not defined. Did you forget to import 'os'?

[METRICS ERR] 1785735409: Traceback (most recent call last):
  File "D:\Projects_2026\ESP32_CYD_Smart_Desk_Dashboard\pc_utility\pc_monitor_app\main.py", line 336, in stream_loop
    if os.path.exists(drive_path):
       ^^
NameError: name 'os' is not defined. Did you forget to import 'os'?

[METRICS ERR] 1785735411: Traceback (most recent call last):
  File "D:\Projects_2026\ESP32_CYD_Smart_Desk_Dashboard\pc_utility\pc_monitor_app\main.py", line 336, in stream_loop
    if os.path.exists(drive_path):
       ^^
NameError: name 'os' is not defined. Did you forget to import 'os'?

[METRICS ERR] 1785735413: Traceback (most recent call last):
  File "D:\Projects_2026\ESP32_CYD_Smart_Desk_Dashboard\pc_utility\pc_monitor_app\main.py", line 336, in stream_loop
    if os.path.exists(drive_path):
       ^^
NameError: name 'os' is not defined. Did you forget to import 'os'?

[METRICS ERR] 1785735415: Traceback (most recent call last):
  File "D:\Projects_2026\ESP32_CYD_Smart_Desk_Dashboard\pc_utility\pc_monitor_app\main.py", line 336, in stream_loop
    if os.path.exists(drive_path):
       ^^
NameError: name 'os' is not defined. Did you forget to import 'os'?

[METRICS ERR] 1785735417: Traceback (most recent call last):
  File "D:\Projects_2026\ESP32_CYD_Smart_Desk_Dashboard\pc_utility\pc_monitor_app\main.py", line 336, in stream_loop
    if os.path.exists(drive_path):
       ^^
NameError: name 'os' is not defined. Did you forget to import 'os'?

[METRICS ERR] 1785735419: Traceback (most recent call last):
  File "D:\Projects_2026\ESP32_CYD_Smart_Desk_Dashboard\pc_utility\pc_monitor_app\main.py", line 336, in stream_loop
    if os.path.exists(drive_path):
       ^^
NameError: name 'os' is not defined. Did you forget to import 'os'?

[METRICS ERR] 1785735421: Traceback (most recent call last):
  File "D:\Projects_2026\ESP32_CYD_Smart_Desk_Dashboard\pc_utility\pc_monitor_app\main.py", line 336, in stream_loop
    if os.path.exists(drive_path):
       ^^
NameError: name 'os' is not defined. Did you forget to import 'os'?

[METRICS ERR] 1785735423: Traceback (most recent call last):
  File "D:\Projects_2026\ESP32_CYD_Smart_Desk_Dashboard\pc_utility\pc_monitor_app\main.py", line 336, in stream_loop
    if os.path.exists(drive_path):
       ^^
NameError: name 'os' is not defined. Did you forget to import 'os'?

[METRICS ERR] 1785735425: Traceback (most recent call last):
  File "D:\Projects_2026\ESP32_CYD_Smart_Desk_Dashboard\pc_utility\pc_monitor_app\main.py", line 336, in stream_loop
    if os.path.exists(drive_path):
       ^^
NameError: name 'os' is not defined. Did you forget to import 'os'?

[METRICS ERR] 1785735427: Traceback (most recent call last):
  File "D:\Projects_2026\ESP32_CYD_Smart_Desk_Dashboard\pc_utility\pc_monitor_app\main.py", line 336, in stream_loop
    if os.path.exists(drive_path):
       ^^
NameError: name 'os' is not defined. Did you forget to import 'os'?

[METRICS ERR] 1785735429: Traceback (most recent call last):
  File "D:\Projects_2026\ESP32_CYD_Smart_Desk_Dashboard\pc_utility\pc_monitor_app\main.py", line 336, in stream_loop
    if os.path.exists(drive_path):
       ^^
NameError: name 'os' is not defined. Did you forget to import 'os'?

[METRICS ERR] 1785735431: Traceback (most recent call last):
  File "D:\Projects_2026\ESP32_CYD_Smart_Desk_Dashboard\pc_utility\pc_monitor_app\main.py", line 336, in stream_loop
    if os.path.exists(drive_path):
       ^^
NameError: name 'os' is not defined. Did you forget to import 'os'?

[METRICS ERR] 1785735433: Traceback (most recent call last):
  File "D:\Projects_2026\ESP32_CYD_Smart_Desk_Dashboard\pc_utility\pc_monitor_app\main.py", line 336, in stream_loop
    if os.path.exists(drive_path):
       ^^
NameError: name 'os' is not defined. Did you forget to import 'os'?

[METRICS ERR] 1785735435: Traceback (most recent call last):
  File "D:\Projects_2026\ESP32_CYD_Smart_Desk_Dashboard\pc_utility\pc_monitor_app\main.py", line 336, in stream_loop
    if os.path.exists(drive_path):
       ^^
NameError: name 'os' is not defined. Did you forget to import 'os'?

[METRICS ERR] 1785735437: Traceback (most recent call last):
  File "D:\Projects_2026\ESP32_CYD_Smart_Desk_Dashboard\pc_utility\pc_monitor_app\main.py", line 336, in stream_loop
    if os.path.exists(drive_path):
       ^^
NameError: name 'os' is not defined. Did you forget to import 'os'?

[METRICS ERR] 1785735439: Traceback (most recent call last):
  File "D:\Projects_2026\ESP32_CYD_Smart_Desk_Dashboard\pc_utility\pc_monitor_app\main.py", line 336, in stream_loop
    if os.path.exists(drive_path):
       ^^
NameError: name 'os' is not defined. Did you forget to import 'os'?

[METRICS ERR] 1785735441: Traceback (most recent call last):
  File "D:\Projects_2026\ESP32_CYD_Smart_Desk_Dashboard\pc_utility\pc_monitor_app\main.py", line 336, in stream_loop
    if os.path.exists(drive_path):
       ^^
NameError: name 'os' is not defined. Did you forget to import 'os'?

[METRICS ERR] 1785735443: Traceback (most recent call last):
  File "D:\Projects_2026\ESP32_CYD_Smart_Desk_Dashboard\pc_utility\pc_monitor_app\main.py", line 336, in stream_loop
    if os.path.exists(drive_path):
       ^^
NameError: name 'os' is not defined. Did you forget to import 'os'?

[METRICS ERR] 1785735445: Traceback (most recent call last):
  File "D:\Projects_2026\ESP32_CYD_Smart_Desk_Dashboard\pc_utility\pc_monitor_app\main.py", line 336, in stream_loop
    if os.path.exists(drive_path):
       ^^
NameError: name 'os' is not defined. Did you forget to import 'os'?

[METRICS ERR] 1785735447: Traceback (most recent call last):
  File "D:\Projects_2026\ESP32_CYD_Smart_Desk_Dashboard\pc_utility\pc_monitor_app\main.py", line 336, in stream_loop
    if os.path.exists(drive_path):
       ^^
NameError: name 'os' is not defined. Did you forget to import 'os'?

[METRICS ERR] 1785735449: Traceback (most recent call last):
  File "D:\Projects_2026\ESP32_CYD_Smart_Desk_Dashboard\pc_utility\pc_monitor_app\main.py", line 336, in stream_loop
    if os.path.exists(drive_path):
       ^^
NameError: name 'os' is not defined. Did you forget to import 'os'?

[METRICS ERR] 1785735451: Traceback (most recent call last):
  File "D:\Projects_2026\ESP32_CYD_Smart_Desk_Dashboard\pc_utility\pc_monitor_app\main.py", line 336, in stream_loop
    if os.path.exists(drive_path):
       ^^
NameError: name 'os' is not defined. Did you forget to import 'os'?

[METRICS ERR] 1785735453: Traceback (most recent call last):
  File "D:\Projects_2026\ESP32_CYD_Smart_Desk_Dashboard\pc_utility\pc_monitor_app\main.py", line 336, in stream_loop
    if os.path.exists(drive_path):
       ^^
NameError: name 'os' is not defined. Did you forget to import 'os'?

[METRICS ERR] 1785735455: Traceback (most recent call last):
  File "D:\Projects_2026\ESP32_CYD_Smart_Desk_Dashboard\pc_utility\pc_monitor_app\main.py", line 336, in stream_loop
    if os.path.exists(drive_path):
       ^^
NameError: name 'os' is not defined. Did you forget to import 'os'?

[METRICS ERR] 1785735457: Traceback (most recent call last):
  File "D:\Projects_2026\ESP32_CYD_Smart_Desk_Dashboard\pc_utility\pc_monitor_app\main.py", line 336, in stream_loop
    if os.path.exists(drive_path):
       ^^
NameError: name 'os' is not defined. Did you forget to import 'os'?

[METRICS ERR] 1785735459: Traceback (most recent call last):
  File "D:\Projects_2026\ESP32_CYD_Smart_Desk_Dashboard\pc_utility\pc_monitor_app\main.py", line 336, in stream_loop
    if os.path.exists(drive_path):
       ^^
NameError: name 'os' is not defined. Did you forget to import 'os'?

[METRICS ERR] 1785735461: Traceback (most recent call last):
  File "D:\Projects_2026\ESP32_CYD_Smart_Desk_Dashboard\pc_utility\pc_monitor_app\main.py", line 336, in stream_loop
    if os.path.exists(drive_path):
       ^^
NameError: name 'os' is not defined. Did you forget to import 'os'?

[METRICS ERR] 1785735463: Traceback (most recent call last):
  File "D:\Projects_2026\ESP32_CYD_Smart_Desk_Dashboard\pc_utility\pc_monitor_app\main.py", line 336, in stream_loop
    if os.path.exists(drive_path):
       ^^
NameError: name 'os' is not defined. Did you forget to import 'os'?

[METRICS ERR] 1785735465: Traceback (most recent call last):
  File "D:\Projects_2026\ESP32_CYD_Smart_Desk_Dashboard\pc_utility\pc_monitor_app\main.py", line 336, in stream_loop
    if os.path.exists(drive_path):
       ^^
NameError: name 'os' is not defined. Did you forget to import 'os'?

[METRICS ERR] 1785735467: Traceback (most recent call last):
  File "D:\Projects_2026\ESP32_CYD_Smart_Desk_Dashboard\pc_utility\pc_monitor_app\main.py", line 336, in stream_loop
    if os.path.exists(drive_path):
       ^^
NameError: name 'os' is not defined. Did you forget to import 'os'?

[METRICS ERR] 1785735469: Traceback (most recent call last):
  File "D:\Projects_2026\ESP32_CYD_Smart_Desk_Dashboard\pc_utility\pc_monitor_app\main.py", line 336, in stream_loop
    if os.path.exists(drive_path):
       ^^
NameError: name 'os' is not defined. Did you forget to import 'os'?

[METRICS ERR] 1785735471: Traceback (most recent call last):
  File "D:\Projects_2026\ESP32_CYD_Smart_Desk_Dashboard\pc_utility\pc_monitor_app\main.py", line 336, in stream_loop
    if os.path.exists(drive_path):
       ^^
NameError: name 'os' is not defined. Did you forget to import 'os'?

[METRICS ERR] 1785735473: Traceback (most recent call last):
  File "D:\Projects_2026\ESP32_CYD_Smart_Desk_Dashboard\pc_utility\pc_monitor_app\main.py", line 336, in stream_loop
    if os.path.exists(drive_path):
       ^^
NameError: name 'os' is not defined. Did you forget to import 'os'?

[METRICS ERR] 1785735475: Traceback (most recent call last):
  File "D:\Projects_2026\ESP32_CYD_Smart_Desk_Dashboard\pc_utility\pc_monitor_app\main.py", line 336, in stream_loop
    if os.path.exists(drive_path):
       ^^
NameError: name 'os' is not defined. Did you forget to import 'os'?

[METRICS ERR] 1785735477: Traceback (most recent call last):
  File "D:\Projects_2026\ESP32_CYD_Smart_Desk_Dashboard\pc_utility\pc_monitor_app\main.py", line 336, in stream_loop
    if os.path.exists(drive_path):
       ^^
NameError: name 'os' is not defined. Did you forget to import 'os'?

[METRICS ERR] 1785735479: Traceback (most recent call last):
  File "D:\Projects_2026\ESP32_CYD_Smart_Desk_Dashboard\pc_utility\pc_monitor_app\main.py", line 336, in stream_loop
    if os.path.exists(drive_path):
       ^^
NameError: name 'os' is not defined. Did you forget to import 'os'?

[METRICS ERR] 1785735481: Traceback (most recent call last):
  File "D:\Projects_2026\ESP32_CYD_Smart_Desk_Dashboard\pc_utility\pc_monitor_app\main.py", line 336, in stream_loop
    if os.path.exists(drive_path):
       ^^
NameError: name 'os' is not defined. Did you forget to import 'os'?

[METRICS ERR] 1785735483: Traceback (most recent call last):
  File "D:\Projects_2026\ESP32_CYD_Smart_Desk_Dashboard\pc_utility\pc_monitor_app\main.py", line 336, in stream_loop
    if os.path.exists(drive_path):
       ^^
NameError: name 'os' is not defined. Did you forget to import 'os'?

[METRICS ERR] 1785735485: Traceback (most recent call last):
  File "D:\Projects_2026\ESP32_CYD_Smart_Desk_Dashboard\pc_utility\pc_monitor_app\main.py", line 336, in stream_loop
    if os.path.exists(drive_path):
       ^^
NameError: name 'os' is not defined. Did you forget to import 'os'?

[METRICS ERR] 1785735487: Traceback (most recent call last):
  File "D:\Projects_2026\ESP32_CYD_Smart_Desk_Dashboard\pc_utility\pc_monitor_app\main.py", line 336, in stream_loop
    if os.path.exists(drive_path):
       ^^
NameError: name 'os' is not defined. Did you forget to import 'os'?

[METRICS ERR] 1785735489: Traceback (most recent call last):
  File "D:\Projects_2026\ESP32_CYD_Smart_Desk_Dashboard\pc_utility\pc_monitor_app\main.py", line 336, in stream_loop
    if os.path.exists(drive_path):
       ^^
NameError: name 'os' is not defined. Did you forget to import 'os'?

[METRICS ERR] 1785735491: Traceback (most recent call last):
  File "D:\Projects_2026\ESP32_CYD_Smart_Desk_Dashboard\pc_utility\pc_monitor_app\main.py", line 336, in stream_loop
    if os.path.exists(drive_path):
       ^^
NameError: name 'os' is not defined. Did you forget to import 'os'?

[METRICS ERR] 1785735493: Traceback (most recent call last):
  File "D:\Projects_2026\ESP32_CYD_Smart_Desk_Dashboard\pc_utility\pc_monitor_app\main.py", line 336, in stream_loop
    if os.path.exists(drive_path):
       ^^
NameError: name 'os' is not defined. Did you forget to import 'os'?

[METRICS ERR] 1785735495: Traceback (most recent call last):
  File "D:\Projects_2026\ESP32_CYD_Smart_Desk_Dashboard\pc_utility\pc_monitor_app\main.py", line 336, in stream_loop
    if os.path.exists(drive_path):
       ^^
NameError: name 'os' is not defined. Did you forget to import 'os'?

[METRICS ERR] 1785735497: Traceback (most recent call last):
  File "D:\Projects_2026\ESP32_CYD_Smart_Desk_Dashboard\pc_utility\pc_monitor_app\main.py", line 336, in stream_loop
    if os.path.exists(drive_path):
       ^^
NameError: name 'os' is not defined. Did you forget to import 'os'?

[METRICS ERR] 1785735499: Traceback (most recent call last):
  File "D:\Projects_2026\ESP32_CYD_Smart_Desk_Dashboard\pc_utility\pc_monitor_app\main.py", line 336, in stream_loop
    if os.path.exists(drive_path):
       ^^
NameError: name 'os' is not defined. Did you forget to import 'os'?

[METRICS ERR] 1785735501: Traceback (most recent call last):
  File "D:\Projects_2026\ESP32_CYD_Smart_Desk_Dashboard\pc_utility\pc_monitor_app\main.py", line 336, in stream_loop
    if os.path.exists(drive_path):
       ^^
NameError: name 'os' is not defined. Did you forget to import 'os'?

[METRICS ERR] 1785735503: Traceback (most recent call last):
  File "D:\Projects_2026\ESP32_CYD_Smart_Desk_Dashboard\pc_utility\pc_monitor_app\main.py", line 336, in stream_loop
    if os.path.exists(drive_path):
       ^^
NameError: name 'os' is not defined. Did you forget to import 'os'?

[METRICS ERR] 1785735505: Traceback (most recent call last):
  File "D:\Projects_2026\ESP32_CYD_Smart_Desk_Dashboard\pc_utility\pc_monitor_app\main.py", line 336, in stream_loop
    if os.path.exists(drive_path):
       ^^
NameError: name 'os' is not defined. Did you forget to import 'os'?

[METRICS ERR] 1785735507: Traceback (most recent call last):
  File "D:\Projects_2026\ESP32_CYD_Smart_Desk_Dashboard\pc_utility\pc_monitor_app\main.py", line 336, in stream_loop
    if os.path.exists(drive_path):
       ^^
NameError: name 'os' is not defined. Did you forget to import 'os'?

[METRICS ERR] 1785735509: Traceback (most recent call last):
  File "D:\Projects_2026\ESP32_CYD_Smart_Desk_Dashboard\pc_utility\pc_monitor_app\main.py", line 336, in stream_loop
    if os.path.exists(drive_path):
       ^^
NameError: name 'os' is not defined. Did you forget to import 'os'?

[METRICS ERR] 1785735511: Traceback (most recent call last):
  File "D:\Projects_2026\ESP32_CYD_Smart_Desk_Dashboard\pc_utility\pc_monitor_app\main.py", line 336, in stream_loop
    if os.path.exists(drive_path):
       ^^
NameError: name 'os' is not defined. Did you forget to import 'os'?

[METRICS ERR] 1785735514: Traceback (most recent call last):
  File "D:\Projects_2026\ESP32_CYD_Smart_Desk_Dashboard\pc_utility\pc_monitor_app\main.py", line 336, in stream_loop
    if os.path.exists(drive_path):
       ^^
NameError: name 'os' is not defined. Did you forget to import 'os'?

[METRICS ERR] 1785735516: Traceback (most recent call last):
  File "D:\Projects_2026\ESP32_CYD_Smart_Desk_Dashboard\pc_utility\pc_monitor_app\main.py", line 336, in stream_loop
    if os.path.exists(drive_path):
       ^^
NameError: name 'os' is not defined. Did you forget to import 'os'?

[METRICS ERR] 1785735518: Traceback (most recent call last):
  File "D:\Projects_2026\ESP32_CYD_Smart_Desk_Dashboard\pc_utility\pc_monitor_app\main.py", line 336, in stream_loop
    if os.path.exists(drive_path):
       ^^
NameError: name 'os' is not defined. Did you forget to import 'os'?

[METRICS ERR] 1785735520: Traceback (most recent call last):
  File "D:\Projects_2026\ESP32_CYD_Smart_Desk_Dashboard\pc_utility\pc_monitor_app\main.py", line 336, in stream_loop
    if os.path.exists(drive_path):
       ^^
NameError: name 'os' is not defined. Did you forget to import 'os'?

[METRICS ERR] 1785735522: Traceback (most recent call last):
  File "D:\Projects_2026\ESP32_CYD_Smart_Desk_Dashboard\pc_utility\pc_monitor_app\main.py", line 336, in stream_loop
    if os.path.exists(drive_path):
       ^^
NameError: name 'os' is not defined. Did you forget to import 'os'?

[METRICS ERR] 1785735524: Traceback (most recent call last):
  File "D:\Projects_2026\ESP32_CYD_Smart_Desk_Dashboard\pc_utility\pc_monitor_app\main.py", line 336, in stream_loop
    if os.path.exists(drive_path):
       ^^
NameError: name 'os' is not defined. Did you forget to import 'os'?

[METRICS ERR] 1785735526: Traceback (most recent call last):
  File "D:\Projects_2026\ESP32_CYD_Smart_Desk_Dashboard\pc_utility\pc_monitor_app\main.py", line 336, in stream_loop
    if os.path.exists(drive_path):
       ^^
NameError: name 'os' is not defined. Did you forget to import 'os'?

[METRICS ERR] 1785735528: Traceback (most recent call last):
  File "D:\Projects_2026\ESP32_CYD_Smart_Desk_Dashboard\pc_utility\pc_monitor_app\main.py", line 336, in stream_loop
    if os.path.exists(drive_path):
       ^^
NameError: name 'os' is not defined. Did you forget to import 'os'?

[METRICS ERR] 1785735530: Traceback (most recent call last):
  File "D:\Projects_2026\ESP32_CYD_Smart_Desk_Dashboard\pc_utility\pc_monitor_app\main.py", line 336, in stream_loop
    if os.path.exists(drive_path):
       ^^
NameError: name 'os' is not defined. Did you forget to import 'os'?

[METRICS ERR] 1785735532: Traceback (most recent call last):
  File "D:\Projects_2026\ESP32_CYD_Smart_Desk_Dashboard\pc_utility\pc_monitor_app\main.py", line 336, in stream_loop
    if os.path.exists(drive_path):
       ^^
NameError: name 'os' is not defined. Did you forget to import 'os'?

[METRICS ERR] 1785735534: Traceback (most recent call last):
  File "D:\Projects_2026\ESP32_CYD_Smart_Desk_Dashboard\pc_utility\pc_monitor_app\main.py", line 336, in stream_loop
    if os.path.exists(drive_path):
       ^^
NameError: name 'os' is not defined. Did you forget to import 'os'?

[METRICS ERR] 1785735536: Traceback (most recent call last):
  File "D:\Projects_2026\ESP32_CYD_Smart_Desk_Dashboard\pc_utility\pc_monitor_app\main.py", line 336, in stream_loop
    if os.path.exists(drive_path):
       ^^
NameError: name 'os' is not defined. Did you forget to import 'os'?

[METRICS ERR] 1785735538: Traceback (most recent call last):
  File "D:\Projects_2026\ESP32_CYD_Smart_Desk_Dashboard\pc_utility\pc_monitor_app\main.py", line 336, in stream_loop
    if os.path.exists(drive_path):
       ^^
NameError: name 'os' is not defined. Did you forget to import 'os'?

[METRICS ERR] 1785735540: Traceback (most recent call last):
  File "D:\Projects_2026\ESP32_CYD_Smart_Desk_Dashboard\pc_utility\pc_monitor_app\main.py", line 336, in stream_loop
    if os.path.exists(drive_path):
       ^^
NameError: name 'os' is not defined. Did you forget to import 'os'?

[METRICS ERR] 1785735542: Traceback (most recent call last):
  File "D:\Projects_2026\ESP32_CYD_Smart_Desk_Dashboard\pc_utility\pc_monitor_app\main.py", line 336, in stream_loop
    if os.path.exists(drive_path):
       ^^
NameError: name 'os' is not defined. Did you forget to import 'os'?

[METRICS ERR] 1785735544: Traceback (most recent call last):
  File "D:\Projects_2026\ESP32_CYD_Smart_Desk_Dashboard\pc_utility\pc_monitor_app\main.py", line 336, in stream_loop
    if os.path.exists(drive_path):
       ^^
NameError: name 'os' is not defined. Did you forget to import 'os'?

[METRICS ERR] 1785735546: Traceback (most recent call last):
  File "D:\Projects_2026\ESP32_CYD_Smart_Desk_Dashboard\pc_utility\pc_monitor_app\main.py", line 336, in stream_loop
    if os.path.exists(drive_path):
       ^^
NameError: name 'os' is not defined. Did you forget to import 'os'?

[METRICS ERR] 1785735548: Traceback (most recent call last):
  File "D:\Projects_2026\ESP32_CYD_Smart_Desk_Dashboard\pc_utility\pc_monitor_app\main.py", line 336, in stream_loop
    if os.path.exists(drive_path):
       ^^
NameError: name 'os' is not defined. Did you forget to import 'os'?

[METRICS ERR] 1785735550: Traceback (most recent call last):
  File "D:\Projects_2026\ESP32_CYD_Smart_Desk_Dashboard\pc_utility\pc_monitor_app\main.py", line 336, in stream_loop
    if os.path.exists(drive_path):
       ^^
NameError: name 'os' is not defined. Did you forget to import 'os'?

[METRICS ERR] 1785735552: Traceback (most recent call last):
  File "D:\Projects_2026\ESP32_CYD_Smart_Desk_Dashboard\pc_utility\pc_monitor_app\main.py", line 336, in stream_loop
    if os.path.exists(drive_path):
       ^^
NameError: name 'os' is not defined. Did you forget to import 'os'?

[METRICS ERR] 1785735554: Traceback (most recent call last):
  File "D:\Projects_2026\ESP32_CYD_Smart_Desk_Dashboard\pc_utility\pc_monitor_app\main.py", line 336, in stream_loop
    if os.path.exists(drive_path):
       ^^
NameError: name 'os' is not defined. Did you forget to import 'os'?

[METRICS ERR] 1785735556: Traceback (most recent call last):
  File "D:\Projects_2026\ESP32_CYD_Smart_Desk_Dashboard\pc_utility\pc_monitor_app\main.py", line 336, in stream_loop
    if os.path.exists(drive_path):
       ^^
NameError: name 'os' is not defined. Did you forget to import 'os'?

[METRICS ERR] 1785735558: Traceback (most recent call last):
  File "D:\Projects_2026\ESP32_CYD_Smart_Desk_Dashboard\pc_utility\pc_monitor_app\main.py", line 336, in stream_loop
    if os.path.exists(drive_path):
       ^^
NameError: name 'os' is not defined. Did you forget to import 'os'?

[METRICS ERR] 1785735560: Traceback (most recent call last):
  File "D:\Projects_2026\ESP32_CYD_Smart_Desk_Dashboard\pc_utility\pc_monitor_app\main.py", line 336, in stream_loop
    if os.path.exists(drive_path):
       ^^
NameError: name 'os' is not defined. Did you forget to import 'os'?

[METRICS ERR] 1785735562: Traceback (most recent call last):
  File "D:\Projects_2026\ESP32_CYD_Smart_Desk_Dashboard\pc_utility\pc_monitor_app\main.py", line 336, in stream_loop
    if os.path.exists(drive_path):
       ^^
NameError: name 'os' is not defined. Did you forget to import 'os'?

[METRICS ERR] 1785735564: Traceback (most recent call last):
  File "D:\Projects_2026\ESP32_CYD_Smart_Desk_Dashboard\pc_utility\pc_monitor_app\main.py", line 336, in stream_loop
    if os.path.exists(drive_path):
       ^^
NameError: name 'os' is not defined. Did you forget to import 'os'?

[METRICS ERR] 1785735566: Traceback (most recent call last):
  File "D:\Projects_2026\ESP32_CYD_Smart_Desk_Dashboard\pc_utility\pc_monitor_app\main.py", line 336, in stream_loop
    if os.path.exists(drive_path):
       ^^
NameError: name 'os' is not defined. Did you forget to import 'os'?

[METRICS ERR] 1785735568: Traceback (most recent call last):
  File "D:\Projects_2026\ESP32_CYD_Smart_Desk_Dashboard\pc_utility\pc_monitor_app\main.py", line 336, in stream_loop
    if os.path.exists(drive_path):
       ^^
NameError: name 'os' is not defined. Did you forget to import 'os'?

[METRICS ERR] 1785735570: Traceback (most recent call last):
  File "D:\Projects_2026\ESP32_CYD_Smart_Desk_Dashboard\pc_utility\pc_monitor_app\main.py", line 336, in stream_loop
    if os.path.exists(drive_path):
       ^^
NameError: name 'os' is not defined. Did you forget to import 'os'?

[METRICS ERR] 1785735572: Traceback (most recent call last):
  File "D:\Projects_2026\ESP32_CYD_Smart_Desk_Dashboard\pc_utility\pc_monitor_app\main.py", line 336, in stream_loop
    if os.path.exists(drive_path):
       ^^
NameError: name 'os' is not defined. Did you forget to import 'os'?

[METRICS ERR] 1785735574: Traceback (most recent call last):
  File "D:\Projects_2026\ESP32_CYD_Smart_Desk_Dashboard\pc_utility\pc_monitor_app\main.py", line 336, in stream_loop
    if os.path.exists(drive_path):
       ^^
NameError: name 'os' is not defined. Did you forget to import 'os'?

[METRICS ERR] 1785735576: Traceback (most recent call last):
  File "D:\Projects_2026\ESP32_CYD_Smart_Desk_Dashboard\pc_utility\pc_monitor_app\main.py", line 336, in stream_loop
    if os.path.exists(drive_path):
       ^^
NameError: name 'os' is not defined. Did you forget to import 'os'?

[METRICS ERR] 1785735578: Traceback (most recent call last):
  File "D:\Projects_2026\ESP32_CYD_Smart_Desk_Dashboard\pc_utility\pc_monitor_app\main.py", line 336, in stream_loop
    if os.path.exists(drive_path):
       ^^
NameError: name 'os' is not defined. Did you forget to import 'os'?

[METRICS ERR] 1785735580: Traceback (most recent call last):
  File "D:\Projects_2026\ESP32_CYD_Smart_Desk_Dashboard\pc_utility\pc_monitor_app\main.py", line 336, in stream_loop
    if os.path.exists(drive_path):
       ^^
NameError: name 'os' is not defined. Did you forget to import 'os'?

[METRICS ERR] 1785735582: Traceback (most recent call last):
  File "D:\Projects_2026\ESP32_CYD_Smart_Desk_Dashboard\pc_utility\pc_monitor_app\main.py", line 336, in stream_loop
    if os.path.exists(drive_path):
       ^^
NameError: name 'os' is not defined. Did you forget to import 'os'?

[METRICS ERR] 1785735584: Traceback (most recent call last):
  File "D:\Projects_2026\ESP32_CYD_Smart_Desk_Dashboard\pc_utility\pc_monitor_app\main.py", line 336, in stream_loop
    if os.path.exists(drive_path):
       ^^
NameError: name 'os' is not defined. Did you forget to import 'os'?

[METRICS ERR] 1785735586: Traceback (most recent call last):
  File "D:\Projects_2026\ESP32_CYD_Smart_Desk_Dashboard\pc_utility\pc_monitor_app\main.py", line 336, in stream_loop
    if os.path.exists(drive_path):
       ^^
NameError: name 'os' is not defined. Did you forget to import 'os'?

[METRICS ERR] 1785735588: Traceback (most recent call last):
  File "D:\Projects_2026\ESP32_CYD_Smart_Desk_Dashboard\pc_utility\pc_monitor_app\main.py", line 336, in stream_loop
    if os.path.exists(drive_path):
       ^^
NameError: name 'os' is not defined. Did you forget to import 'os'?

[METRICS ERR] 1785735590: Traceback (most recent call last):
  File "D:\Projects_2026\ESP32_CYD_Smart_Desk_Dashboard\pc_utility\pc_monitor_app\main.py", line 336, in stream_loop
    if os.path.exists(drive_path):
       ^^
NameError: name 'os' is not defined. Did you forget to import 'os'?

[METRICS ERR] 1785735592: Traceback (most recent call last):
  File "D:\Projects_2026\ESP32_CYD_Smart_Desk_Dashboard\pc_utility\pc_monitor_app\main.py", line 336, in stream_loop
    if os.path.exists(drive_path):
       ^^
NameError: name 'os' is not defined. Did you forget to import 'os'?

[METRICS ERR] 1785735594: Traceback (most recent call last):
  File "D:\Projects_2026\ESP32_CYD_Smart_Desk_Dashboard\pc_utility\pc_monitor_app\main.py", line 336, in stream_loop
    if os.path.exists(drive_path):
       ^^
NameError: name 'os' is not defined. Did you forget to import 'os'?

[METRICS ERR] 1785735596: Traceback (most recent call last):
  File "D:\Projects_2026\ESP32_CYD_Smart_Desk_Dashboard\pc_utility\pc_monitor_app\main.py", line 336, in stream_loop
    if os.path.exists(drive_path):
       ^^
NameError: name 'os' is not defined. Did you forget to import 'os'?

[METRICS ERR] 1785735598: Traceback (most recent call last):
  File "D:\Projects_2026\ESP32_CYD_Smart_Desk_Dashboard\pc_utility\pc_monitor_app\main.py", line 336, in stream_loop
    if os.path.exists(drive_path):
       ^^
NameError: name 'os' is not defined. Did you forget to import 'os'?

[METRICS ERR] 1785735600: Traceback (most recent call last):
  File "D:\Projects_2026\ESP32_CYD_Smart_Desk_Dashboard\pc_utility\pc_monitor_app\main.py", line 336, in stream_loop
    if os.path.exists(drive_path):
       ^^
NameError: name 'os' is not defined. Did you forget to import 'os'?

[METRICS ERR] 1785735602: Traceback (most recent call last):
  File "D:\Projects_2026\ESP32_CYD_Smart_Desk_Dashboard\pc_utility\pc_monitor_app\main.py", line 336, in stream_loop
    if os.path.exists(drive_path):
       ^^
NameError: name 'os' is not defined. Did you forget to import 'os'?

[METRICS ERR] 1785735604: Traceback (most recent call last):
  File "D:\Projects_2026\ESP32_CYD_Smart_Desk_Dashboard\pc_utility\pc_monitor_app\main.py", line 336, in stream_loop
    if os.path.exists(drive_path):
       ^^
NameError: name 'os' is not defined. Did you forget to import 'os'?

[METRICS ERR] 1785735606: Traceback (most recent call last):
  File "D:\Projects_2026\ESP32_CYD_Smart_Desk_Dashboard\pc_utility\pc_monitor_app\main.py", line 336, in stream_loop
    if os.path.exists(drive_path):
       ^^
NameError: name 'os' is not defined. Did you forget to import 'os'?

[METRICS ERR] 1785735608: Traceback (most recent call last):
  File "D:\Projects_2026\ESP32_CYD_Smart_Desk_Dashboard\pc_utility\pc_monitor_app\main.py", line 336, in stream_loop
    if os.path.exists(drive_path):
       ^^
NameError: name 'os' is not defined. Did you forget to import 'os'?

[METRICS ERR] 1785735610: Traceback (most recent call last):
  File "D:\Projects_2026\ESP32_CYD_Smart_Desk_Dashboard\pc_utility\pc_monitor_app\main.py", line 336, in stream_loop
    if os.path.exists(drive_path):
       ^^
NameError: name 'os' is not defined. Did you forget to import 'os'?

[METRICS ERR] 1785735612: Traceback (most recent call last):
  File "D:\Projects_2026\ESP32_CYD_Smart_Desk_Dashboard\pc_utility\pc_monitor_app\main.py", line 336, in stream_loop
    if os.path.exists(drive_path):
       ^^
NameError: name 'os' is not defined. Did you forget to import 'os'?

[METRICS ERR] 1785735614: Traceback (most recent call last):
  File "D:\Projects_2026\ESP32_CYD_Smart_Desk_Dashboard\pc_utility\pc_monitor_app\main.py", line 336, in stream_loop
    if os.path.exists(drive_path):
       ^^
NameError: name 'os' is not defined. Did you forget to import 'os'?

[METRICS ERR] 1785735616: Traceback (most recent call last):
  File "D:\Projects_2026\ESP32_CYD_Smart_Desk_Dashboard\pc_utility\pc_monitor_app\main.py", line 336, in stream_loop
    if os.path.exists(drive_path):
       ^^
NameError: name 'os' is not defined. Did you forget to import 'os'?

[METRICS ERR] 1785735618: Traceback (most recent call last):
  File "D:\Projects_2026\ESP32_CYD_Smart_Desk_Dashboard\pc_utility\pc_monitor_app\main.py", line 336, in stream_loop
    if os.path.exists(drive_path):
       ^^
NameError: name 'os' is not defined. Did you forget to import 'os'?

[METRICS ERR] 1785735620: Traceback (most recent call last):
  File "D:\Projects_2026\ESP32_CYD_Smart_Desk_Dashboard\pc_utility\pc_monitor_app\main.py", line 336, in stream_loop
    if os.path.exists(drive_path):
       ^^
NameError: name 'os' is not defined. Did you forget to import 'os'?

[METRICS ERR] 1785735622: Traceback (most recent call last):
  File "D:\Projects_2026\ESP32_CYD_Smart_Desk_Dashboard\pc_utility\pc_monitor_app\main.py", line 336, in stream_loop
    if os.path.exists(drive_path):
       ^^
NameError: name 'os' is not defined. Did you forget to import 'os'?

[METRICS ERR] 1785735624: Traceback (most recent call last):
  File "D:\Projects_2026\ESP32_CYD_Smart_Desk_Dashboard\pc_utility\pc_monitor_app\main.py", line 336, in stream_loop
    if os.path.exists(drive_path):
       ^^
NameError: name 'os' is not defined. Did you forget to import 'os'?

[METRICS ERR] 1785735626: Traceback (most recent call last):
  File "D:\Projects_2026\ESP32_CYD_Smart_Desk_Dashboard\pc_utility\pc_monitor_app\main.py", line 336, in stream_loop
    if os.path.exists(drive_path):
       ^^
NameError: name 'os' is not defined. Did you forget to import 'os'?

[METRICS ERR] 1785735628: Traceback (most recent call last):
  File "D:\Projects_2026\ESP32_CYD_Smart_Desk_Dashboard\pc_utility\pc_monitor_app\main.py", line 336, in stream_loop
    if os.path.exists(drive_path):
       ^^
NameError: name 'os' is not defined. Did you forget to import 'os'?

[METRICS ERR] 1785735630: Traceback (most recent call last):
  File "D:\Projects_2026\ESP32_CYD_Smart_Desk_Dashboard\pc_utility\pc_monitor_app\main.py", line 336, in stream_loop
    if os.path.exists(drive_path):
       ^^
NameError: name 'os' is not defined. Did you forget to import 'os'?

[METRICS ERR] 1785735632: Traceback (most recent call last):
  File "D:\Projects_2026\ESP32_CYD_Smart_Desk_Dashboard\pc_utility\pc_monitor_app\main.py", line 336, in stream_loop
    if os.path.exists(drive_path):
       ^^
NameError: name 'os' is not defined. Did you forget to import 'os'?

[METRICS ERR] 1785735634: Traceback (most recent call last):
  File "D:\Projects_2026\ESP32_CYD_Smart_Desk_Dashboard\pc_utility\pc_monitor_app\main.py", line 336, in stream_loop
    if os.path.exists(drive_path):
       ^^
NameError: name 'os' is not defined. Did you forget to import 'os'?

[METRICS ERR] 1785735636: Traceback (most recent call last):
  File "D:\Projects_2026\ESP32_CYD_Smart_Desk_Dashboard\pc_utility\pc_monitor_app\main.py", line 336, in stream_loop
    if os.path.exists(drive_path):
       ^^
NameError: name 'os' is not defined. Did you forget to import 'os'?

[METRICS ERR] 1785735638: Traceback (most recent call last):
  File "D:\Projects_2026\ESP32_CYD_Smart_Desk_Dashboard\pc_utility\pc_monitor_app\main.py", line 336, in stream_loop
    if os.path.exists(drive_path):
       ^^
NameError: name 'os' is not defined. Did you forget to import 'os'?

[METRICS ERR] 1785735641: Traceback (most recent call last):
  File "D:\Projects_2026\ESP32_CYD_Smart_Desk_Dashboard\pc_utility\pc_monitor_app\main.py", line 336, in stream_loop
    if os.path.exists(drive_path):
       ^^
NameError: name 'os' is not defined. Did you forget to import 'os'?

[METRICS ERR] 1785735643: Traceback (most recent call last):
  File "D:\Projects_2026\ESP32_CYD_Smart_Desk_Dashboard\pc_utility\pc_monitor_app\main.py", line 336, in stream_loop
    if os.path.exists(drive_path):
       ^^
NameError: name 'os' is not defined. Did you forget to import 'os'?

[METRICS ERR] 1785735645: Traceback (most recent call last):
  File "D:\Projects_2026\ESP32_CYD_Smart_Desk_Dashboard\pc_utility\pc_monitor_app\main.py", line 336, in stream_loop
    if os.path.exists(drive_path):
       ^^
NameError: name 'os' is not defined. Did you forget to import 'os'?

[METRICS ERR] 1785735647: Traceback (most recent call last):
  File "D:\Projects_2026\ESP32_CYD_Smart_Desk_Dashboard\pc_utility\pc_monitor_app\main.py", line 336, in stream_loop
    if os.path.exists(drive_path):
       ^^
NameError: name 'os' is not defined. Did you forget to import 'os'?

[METRICS ERR] 1785735649: Traceback (most recent call last):
  File "D:\Projects_2026\ESP32_CYD_Smart_Desk_Dashboard\pc_utility\pc_monitor_app\main.py", line 336, in stream_loop
    if os.path.exists(drive_path):
       ^^
NameError: name 'os' is not defined. Did you forget to import 'os'?

[METRICS ERR] 1785735651: Traceback (most recent call last):
  File "D:\Projects_2026\ESP32_CYD_Smart_Desk_Dashboard\pc_utility\pc_monitor_app\main.py", line 336, in stream_loop
    if os.path.exists(drive_path):
       ^^
NameError: name 'os' is not defined. Did you forget to import 'os'?

[METRICS ERR] 1785735653: Traceback (most recent call last):
  File "D:\Projects_2026\ESP32_CYD_Smart_Desk_Dashboard\pc_utility\pc_monitor_app\main.py", line 336, in stream_loop
    if os.path.exists(drive_path):
       ^^
NameError: name 'os' is not defined. Did you forget to import 'os'?

[METRICS ERR] 1785735655: Traceback (most recent call last):
  File "D:\Projects_2026\ESP32_CYD_Smart_Desk_Dashboard\pc_utility\pc_monitor_app\main.py", line 336, in stream_loop
    if os.path.exists(drive_path):
       ^^
NameError: name 'os' is not defined. Did you forget to import 'os'?

[METRICS ERR] 1785735657: Traceback (most recent call last):
  File "D:\Projects_2026\ESP32_CYD_Smart_Desk_Dashboard\pc_utility\pc_monitor_app\main.py", line 336, in stream_loop
    if os.path.exists(drive_path):
       ^^
NameError: name 'os' is not defined. Did you forget to import 'os'?

[METRICS ERR] 1785735659: Traceback (most recent call last):
  File "D:\Projects_2026\ESP32_CYD_Smart_Desk_Dashboard\pc_utility\pc_monitor_app\main.py", line 336, in stream_loop
    if os.path.exists(drive_path):
       ^^
NameError: name 'os' is not defined. Did you forget to import 'os'?

[METRICS ERR] 1785735661: Traceback (most recent call last):
  File "D:\Projects_2026\ESP32_CYD_Smart_Desk_Dashboard\pc_utility\pc_monitor_app\main.py", line 336, in stream_loop
    if os.path.exists(drive_path):
       ^^
NameError: name 'os' is not defined. Did you forget to import 'os'?

[METRICS ERR] 1785735663: Traceback (most recent call last):
  File "D:\Projects_2026\ESP32_CYD_Smart_Desk_Dashboard\pc_utility\pc_monitor_app\main.py", line 336, in stream_loop
    if os.path.exists(drive_path):
       ^^
NameError: name 'os' is not defined. Did you forget to import 'os'?

[METRICS ERR] 1785735665: Traceback (most recent call last):
  File "D:\Projects_2026\ESP32_CYD_Smart_Desk_Dashboard\pc_utility\pc_monitor_app\main.py", line 336, in stream_loop
    if os.path.exists(drive_path):
       ^^
NameError: name 'os' is not defined. Did you forget to import 'os'?

[METRICS ERR] 1785735667: Traceback (most recent call last):
  File "D:\Projects_2026\ESP32_CYD_Smart_Desk_Dashboard\pc_utility\pc_monitor_app\main.py", line 336, in stream_loop
    if os.path.exists(drive_path):
       ^^
NameError: name 'os' is not defined. Did you forget to import 'os'?

[METRICS ERR] 1785735669: Traceback (most recent call last):
  File "D:\Projects_2026\ESP32_CYD_Smart_Desk_Dashboard\pc_utility\pc_monitor_app\main.py", line 336, in stream_loop
    if os.path.exists(drive_path):
       ^^
NameError: name 'os' is not defined. Did you forget to import 'os'?

[METRICS ERR] 1785735671: Traceback (most recent call last):
  File "D:\Projects_2026\ESP32_CYD_Smart_Desk_Dashboard\pc_utility\pc_monitor_app\main.py", line 336, in stream_loop
    if os.path.exists(drive_path):
       ^^
NameError: name 'os' is not defined. Did you forget to import 'os'?

[METRICS ERR] 1785735673: Traceback (most recent call last):
  File "D:\Projects_2026\ESP32_CYD_Smart_Desk_Dashboard\pc_utility\pc_monitor_app\main.py", line 336, in stream_loop
    if os.path.exists(drive_path):
       ^^
NameError: name 'os' is not defined. Did you forget to import 'os'?

[METRICS ERR] 1785735675: Traceback (most recent call last):
  File "D:\Projects_2026\ESP32_CYD_Smart_Desk_Dashboard\pc_utility\pc_monitor_app\main.py", line 336, in stream_loop
    if os.path.exists(drive_path):
       ^^
NameError: name 'os' is not defined. Did you forget to import 'os'?

[METRICS ERR] 1785735677: Traceback (most recent call last):
  File "D:\Projects_2026\ESP32_CYD_Smart_Desk_Dashboard\pc_utility\pc_monitor_app\main.py", line 336, in stream_loop
    if os.path.exists(drive_path):
       ^^
NameError: name 'os' is not defined. Did you forget to import 'os'?

[METRICS ERR] 1785735679: Traceback (most recent call last):
  File "D:\Projects_2026\ESP32_CYD_Smart_Desk_Dashboard\pc_utility\pc_monitor_app\main.py", line 336, in stream_loop
    if os.path.exists(drive_path):
       ^^
NameError: name 'os' is not defined. Did you forget to import 'os'?

[METRICS ERR] 1785735681: Traceback (most recent call last):
  File "D:\Projects_2026\ESP32_CYD_Smart_Desk_Dashboard\pc_utility\pc_monitor_app\main.py", line 336, in stream_loop
    if os.path.exists(drive_path):
       ^^
NameError: name 'os' is not defined. Did you forget to import 'os'?

[METRICS ERR] 1785735683: Traceback (most recent call last):
  File "D:\Projects_2026\ESP32_CYD_Smart_Desk_Dashboard\pc_utility\pc_monitor_app\main.py", line 336, in stream_loop
    if os.path.exists(drive_path):
       ^^
NameError: name 'os' is not defined. Did you forget to import 'os'?

[METRICS ERR] 1785735685: Traceback (most recent call last):
  File "D:\Projects_2026\ESP32_CYD_Smart_Desk_Dashboard\pc_utility\pc_monitor_app\main.py", line 336, in stream_loop
    if os.path.exists(drive_path):
       ^^
NameError: name 'os' is not defined. Did you forget to import 'os'?

[METRICS ERR] 1785735687: Traceback (most recent call last):
  File "D:\Projects_2026\ESP32_CYD_Smart_Desk_Dashboard\pc_utility\pc_monitor_app\main.py", line 336, in stream_loop
    if os.path.exists(drive_path):
       ^^
NameError: name 'os' is not defined. Did you forget to import 'os'?

[METRICS ERR] 1785735689: Traceback (most recent call last):
  File "D:\Projects_2026\ESP32_CYD_Smart_Desk_Dashboard\pc_utility\pc_monitor_app\main.py", line 336, in stream_loop
    if os.path.exists(drive_path):
       ^^
NameError: name 'os' is not defined. Did you forget to import 'os'?

[METRICS ERR] 1785735691: Traceback (most recent call last):
  File "D:\Projects_2026\ESP32_CYD_Smart_Desk_Dashboard\pc_utility\pc_monitor_app\main.py", line 336, in stream_loop
    if os.path.exists(drive_path):
       ^^
NameError: name 'os' is not defined. Did you forget to import 'os'?

[METRICS ERR] 1785735693: Traceback (most recent call last):
  File "D:\Projects_2026\ESP32_CYD_Smart_Desk_Dashboard\pc_utility\pc_monitor_app\main.py", line 336, in stream_loop
    if os.path.exists(drive_path):
       ^^
NameError: name 'os' is not defined. Did you forget to import 'os'?

[METRICS ERR] 1785735695: Traceback (most recent call last):
  File "D:\Projects_2026\ESP32_CYD_Smart_Desk_Dashboard\pc_utility\pc_monitor_app\main.py", line 336, in stream_loop
    if os.path.exists(drive_path):
       ^^
NameError: name 'os' is not defined. Did you forget to import 'os'?

[METRICS ERR] 1785735697: Traceback (most recent call last):
  File "D:\Projects_2026\ESP32_CYD_Smart_Desk_Dashboard\pc_utility\pc_monitor_app\main.py", line 336, in stream_loop
    if os.path.exists(drive_path):
       ^^
NameError: name 'os' is not defined. Did you forget to import 'os'?

[METRICS ERR] 1785735699: Traceback (most recent call last):
  File "D:\Projects_2026\ESP32_CYD_Smart_Desk_Dashboard\pc_utility\pc_monitor_app\main.py", line 336, in stream_loop
    if os.path.exists(drive_path):
       ^^
NameError: name 'os' is not defined. Did you forget to import 'os'?

[METRICS ERR] 1785735701: Traceback (most recent call last):
  File "D:\Projects_2026\ESP32_CYD_Smart_Desk_Dashboard\pc_utility\pc_monitor_app\main.py", line 336, in stream_loop
    if os.path.exists(drive_path):
       ^^
NameError: name 'os' is not defined. Did you forget to import 'os'?

[METRICS ERR] 1785735703: Traceback (most recent call last):
  File "D:\Projects_2026\ESP32_CYD_Smart_Desk_Dashboard\pc_utility\pc_monitor_app\main.py", line 336, in stream_loop
    if os.path.exists(drive_path):
       ^^
NameError: name 'os' is not defined. Did you forget to import 'os'?

[METRICS ERR] 1785735705: Traceback (most recent call last):
  File "D:\Projects_2026\ESP32_CYD_Smart_Desk_Dashboard\pc_utility\pc_monitor_app\main.py", line 336, in stream_loop
    if os.path.exists(drive_path):
       ^^
NameError: name 'os' is not defined. Did you forget to import 'os'?

[METRICS ERR] 1785735707: Traceback (most recent call last):
  File "D:\Projects_2026\ESP32_CYD_Smart_Desk_Dashboard\pc_utility\pc_monitor_app\main.py", line 336, in stream_loop
    if os.path.exists(drive_path):
       ^^
NameError: name 'os' is not defined. Did you forget to import 'os'?

[METRICS ERR] 1785735709: Traceback (most recent call last):
  File "D:\Projects_2026\ESP32_CYD_Smart_Desk_Dashboard\pc_utility\pc_monitor_app\main.py", line 336, in stream_loop
    if os.path.exists(drive_path):
       ^^
NameError: name 'os' is not defined. Did you forget to import 'os'?

[METRICS ERR] 1785735711: Traceback (most recent call last):
  File "D:\Projects_2026\ESP32_CYD_Smart_Desk_Dashboard\pc_utility\pc_monitor_app\main.py", line 336, in stream_loop
    if os.path.exists(drive_path):
       ^^
NameError: name 'os' is not defined. Did you forget to import 'os'?

[METRICS ERR] 1785735713: Traceback (most recent call last):
  File "D:\Projects_2026\ESP32_CYD_Smart_Desk_Dashboard\pc_utility\pc_monitor_app\main.py", line 336, in stream_loop
    if os.path.exists(drive_path):
       ^^
NameError: name 'os' is not defined. Did you forget to import 'os'?

[METRICS ERR] 1785735715: Traceback (most recent call last):
  File "D:\Projects_2026\ESP32_CYD_Smart_Desk_Dashboard\pc_utility\pc_monitor_app\main.py", line 336, in stream_loop
    if os.path.exists(drive_path):
       ^^
NameError: name 'os' is not defined. Did you forget to import 'os'?

[METRICS ERR] 1785735717: Traceback (most recent call last):
  File "D:\Projects_2026\ESP32_CYD_Smart_Desk_Dashboard\pc_utility\pc_monitor_app\main.py", line 336, in stream_loop
    if os.path.exists(drive_path):
       ^^
NameError: name 'os' is not defined. Did you forget to import 'os'?

[METRICS ERR] 1785735719: Traceback (most recent call last):
  File "D:\Projects_2026\ESP32_CYD_Smart_Desk_Dashboard\pc_utility\pc_monitor_app\main.py", line 336, in stream_loop
    if os.path.exists(drive_path):
       ^^
NameError: name 'os' is not defined. Did you forget to import 'os'?

[METRICS ERR] 1785735721: Traceback (most recent call last):
  File "D:\Projects_2026\ESP32_CYD_Smart_Desk_Dashboard\pc_utility\pc_monitor_app\main.py", line 336, in stream_loop
    if os.path.exists(drive_path):
       ^^
NameError: name 'os' is not defined. Did you forget to import 'os'?

[METRICS ERR] 1785735723: Traceback (most recent call last):
  File "D:\Projects_2026\ESP32_CYD_Smart_Desk_Dashboard\pc_utility\pc_monitor_app\main.py", line 336, in stream_loop
    if os.path.exists(drive_path):
       ^^
NameError: name 'os' is not defined. Did you forget to import 'os'?

[METRICS ERR] 1785735725: Traceback (most recent call last):
  File "D:\Projects_2026\ESP32_CYD_Smart_Desk_Dashboard\pc_utility\pc_monitor_app\main.py", line 336, in stream_loop
    if os.path.exists(drive_path):
       ^^
NameError: name 'os' is not defined. Did you forget to import 'os'?

[METRICS ERR] 1785735727: Traceback (most recent call last):
  File "D:\Projects_2026\ESP32_CYD_Smart_Desk_Dashboard\pc_utility\pc_monitor_app\main.py", line 336, in stream_loop
    if os.path.exists(drive_path):
       ^^
NameError: name 'os' is not defined. Did you forget to import 'os'?

[METRICS ERR] 1785735729: Traceback (most recent call last):
  File "D:\Projects_2026\ESP32_CYD_Smart_Desk_Dashboard\pc_utility\pc_monitor_app\main.py", line 336, in stream_loop
    if os.path.exists(drive_path):
       ^^
NameError: name 'os' is not defined. Did you forget to import 'os'?

[METRICS ERR] 1785735731: Traceback (most recent call last):
  File "D:\Projects_2026\ESP32_CYD_Smart_Desk_Dashboard\pc_utility\pc_monitor_app\main.py", line 336, in stream_loop
    if os.path.exists(drive_path):
       ^^
NameError: name 'os' is not defined. Did you forget to import 'os'?

[METRICS ERR] 1785735733: Traceback (most recent call last):
  File "D:\Projects_2026\ESP32_CYD_Smart_Desk_Dashboard\pc_utility\pc_monitor_app\main.py", line 336, in stream_loop
    if os.path.exists(drive_path):
       ^^
NameError: name 'os' is not defined. Did you forget to import 'os'?

[METRICS ERR] 1785735735: Traceback (most recent call last):
  File "D:\Projects_2026\ESP32_CYD_Smart_Desk_Dashboard\pc_utility\pc_monitor_app\main.py", line 336, in stream_loop
    if os.path.exists(drive_path):
       ^^
NameError: name 'os' is not defined. Did you forget to import 'os'?

[METRICS ERR] 1785735737: Traceback (most recent call last):
  File "D:\Projects_2026\ESP32_CYD_Smart_Desk_Dashboard\pc_utility\pc_monitor_app\main.py", line 336, in stream_loop
    if os.path.exists(drive_path):
       ^^
NameError: name 'os' is not defined. Did you forget to import 'os'?

[METRICS ERR] 1785735739: Traceback (most recent call last):
  File "D:\Projects_2026\ESP32_CYD_Smart_Desk_Dashboard\pc_utility\pc_monitor_app\main.py", line 336, in stream_loop
    if os.path.exists(drive_path):
       ^^
NameError: name 'os' is not defined. Did you forget to import 'os'?

[METRICS ERR] 1785735741: Traceback (most recent call last):
  File "D:\Projects_2026\ESP32_CYD_Smart_Desk_Dashboard\pc_utility\pc_monitor_app\main.py", line 336, in stream_loop
    if os.path.exists(drive_path):
       ^^
NameError: name 'os' is not defined. Did you forget to import 'os'?

[METRICS ERR] 1785735743: Traceback (most recent call last):
  File "D:\Projects_2026\ESP32_CYD_Smart_Desk_Dashboard\pc_utility\pc_monitor_app\main.py", line 336, in stream_loop
    if os.path.exists(drive_path):
       ^^
NameError: name 'os' is not defined. Did you forget to import 'os'?

[METRICS ERR] 1785735745: Traceback (most recent call last):
  File "D:\Projects_2026\ESP32_CYD_Smart_Desk_Dashboard\pc_utility\pc_monitor_app\main.py", line 336, in stream_loop
    if os.path.exists(drive_path):
       ^^
NameError: name 'os' is not defined. Did you forget to import 'os'?

[METRICS ERR] 1785735747: Traceback (most recent call last):
  File "D:\Projects_2026\ESP32_CYD_Smart_Desk_Dashboard\pc_utility\pc_monitor_app\main.py", line 336, in stream_loop
    if os.path.exists(drive_path):
       ^^
NameError: name 'os' is not defined. Did you forget to import 'os'?

[METRICS ERR] 1785735749: Traceback (most recent call last):
  File "D:\Projects_2026\ESP32_CYD_Smart_Desk_Dashboard\pc_utility\pc_monitor_app\main.py", line 336, in stream_loop
    if os.path.exists(drive_path):
       ^^
NameError: name 'os' is not defined. Did you forget to import 'os'?

[METRICS ERR] 1785735751: Traceback (most recent call last):
  File "D:\Projects_2026\ESP32_CYD_Smart_Desk_Dashboard\pc_utility\pc_monitor_app\main.py", line 336, in stream_loop
    if os.path.exists(drive_path):
       ^^
NameError: name 'os' is not defined. Did you forget to import 'os'?

[METRICS ERR] 1785735753: Traceback (most recent call last):
  File "D:\Projects_2026\ESP32_CYD_Smart_Desk_Dashboard\pc_utility\pc_monitor_app\main.py", line 336, in stream_loop
    if os.path.exists(drive_path):
       ^^
NameError: name 'os' is not defined. Did you forget to import 'os'?

[METRICS ERR] 1785735755: Traceback (most recent call last):
  File "D:\Projects_2026\ESP32_CYD_Smart_Desk_Dashboard\pc_utility\pc_monitor_app\main.py", line 336, in stream_loop
    if os.path.exists(drive_path):
       ^^
NameError: name 'os' is not defined. Did you forget to import 'os'?

[METRICS ERR] 1785735757: Traceback (most recent call last):
  File "D:\Projects_2026\ESP32_CYD_Smart_Desk_Dashboard\pc_utility\pc_monitor_app\main.py", line 336, in stream_loop
    if os.path.exists(drive_path):
       ^^
NameError: name 'os' is not defined. Did you forget to import 'os'?

[METRICS ERR] 1785735759: Traceback (most recent call last):
  File "D:\Projects_2026\ESP32_CYD_Smart_Desk_Dashboard\pc_utility\pc_monitor_app\main.py", line 336, in stream_loop
    if os.path.exists(drive_path):
       ^^
NameError: name 'os' is not defined. Did you forget to import 'os'?

[METRICS ERR] 1785735761: Traceback (most recent call last):
  File "D:\Projects_2026\ESP32_CYD_Smart_Desk_Dashboard\pc_utility\pc_monitor_app\main.py", line 336, in stream_loop
    if os.path.exists(drive_path):
       ^^
NameError: name 'os' is not defined. Did you forget to import 'os'?

[METRICS ERR] 1785735763: Traceback (most recent call last):
  File "D:\Projects_2026\ESP32_CYD_Smart_Desk_Dashboard\pc_utility\pc_monitor_app\main.py", line 336, in stream_loop
    if os.path.exists(drive_path):
       ^^
NameError: name 'os' is not defined. Did you forget to import 'os'?

[METRICS ERR] 1785735765: Traceback (most recent call last):
  File "D:\Projects_2026\ESP32_CYD_Smart_Desk_Dashboard\pc_utility\pc_monitor_app\main.py", line 336, in stream_loop
    if os.path.exists(drive_path):
       ^^
NameError: name 'os' is not defined. Did you forget to import 'os'?

[METRICS ERR] 1785735767: Traceback (most recent call last):
  File "D:\Projects_2026\ESP32_CYD_Smart_Desk_Dashboard\pc_utility\pc_monitor_app\main.py", line 336, in stream_loop
    if os.path.exists(drive_path):
       ^^
NameError: name 'os' is not defined. Did you forget to import 'os'?

[METRICS ERR] 1785735769: Traceback (most recent call last):
  File "D:\Projects_2026\ESP32_CYD_Smart_Desk_Dashboard\pc_utility\pc_monitor_app\main.py", line 336, in stream_loop
    if os.path.exists(drive_path):
       ^^
NameError: name 'os' is not defined. Did you forget to import 'os'?

[METRICS ERR] 1785735771: Traceback (most recent call last):
  File "D:\Projects_2026\ESP32_CYD_Smart_Desk_Dashboard\pc_utility\pc_monitor_app\main.py", line 336, in stream_loop
    if os.path.exists(drive_path):
       ^^
NameError: name 'os' is not defined. Did you forget to import 'os'?

[METRICS ERR] 1785735773: Traceback (most recent call last):
  File "D:\Projects_2026\ESP32_CYD_Smart_Desk_Dashboard\pc_utility\pc_monitor_app\main.py", line 336, in stream_loop
    if os.path.exists(drive_path):
       ^^
NameError: name 'os' is not defined. Did you forget to import 'os'?

[METRICS ERR] 1785735776: Traceback (most recent call last):
  File "D:\Projects_2026\ESP32_CYD_Smart_Desk_Dashboard\pc_utility\pc_monitor_app\main.py", line 336, in stream_loop
    if os.path.exists(drive_path):
       ^^
NameError: name 'os' is not defined. Did you forget to import 'os'?

[METRICS ERR] 1785735778: Traceback (most recent call last):
  File "D:\Projects_2026\ESP32_CYD_Smart_Desk_Dashboard\pc_utility\pc_monitor_app\main.py", line 336, in stream_loop
    if os.path.exists(drive_path):
       ^^
NameError: name 'os' is not defined. Did you forget to import 'os'?

[METRICS ERR] 1785735780: Traceback (most recent call last):
  File "D:\Projects_2026\ESP32_CYD_Smart_Desk_Dashboard\pc_utility\pc_monitor_app\main.py", line 336, in stream_loop
    if os.path.exists(drive_path):
       ^^
NameError: name 'os' is not defined. Did you forget to import 'os'?

[METRICS ERR] 1785735782: Traceback (most recent call last):
  File "D:\Projects_2026\ESP32_CYD_Smart_Desk_Dashboard\pc_utility\pc_monitor_app\main.py", line 336, in stream_loop
    if os.path.exists(drive_path):
       ^^
NameError: name 'os' is not defined. Did you forget to import 'os'?

[METRICS ERR] 1785735784: Traceback (most recent call last):
  File "D:\Projects_2026\ESP32_CYD_Smart_Desk_Dashboard\pc_utility\pc_monitor_app\main.py", line 336, in stream_loop
    if os.path.exists(drive_path):
       ^^
NameError: name 'os' is not defined. Did you forget to import 'os'?

[METRICS ERR] 1785735786: Traceback (most recent call last):
  File "D:\Projects_2026\ESP32_CYD_Smart_Desk_Dashboard\pc_utility\pc_monitor_app\main.py", line 336, in stream_loop
    if os.path.exists(drive_path):
       ^^
NameError: name 'os' is not defined. Did you forget to import 'os'?

[METRICS ERR] 1785735788: Traceback (most recent call last):
  File "D:\Projects_2026\ESP32_CYD_Smart_Desk_Dashboard\pc_utility\pc_monitor_app\main.py", line 336, in stream_loop
    if os.path.exists(drive_path):
       ^^
NameError: name 'os' is not defined. Did you forget to import 'os'?

[METRICS ERR] 1785735790: Traceback (most recent call last):
  File "D:\Projects_2026\ESP32_CYD_Smart_Desk_Dashboard\pc_utility\pc_monitor_app\main.py", line 336, in stream_loop
    if os.path.exists(drive_path):
       ^^
NameError: name 'os' is not defined. Did you forget to import 'os'?

[METRICS ERR] 1785735792: Traceback (most recent call last):
  File "D:\Projects_2026\ESP32_CYD_Smart_Desk_Dashboard\pc_utility\pc_monitor_app\main.py", line 336, in stream_loop
    if os.path.exists(drive_path):
       ^^
NameError: name 'os' is not defined. Did you forget to import 'os'?

[METRICS ERR] 1785735794: Traceback (most recent call last):
  File "D:\Projects_2026\ESP32_CYD_Smart_Desk_Dashboard\pc_utility\pc_monitor_app\main.py", line 336, in stream_loop
    if os.path.exists(drive_path):
       ^^
NameError: name 'os' is not defined. Did you forget to import 'os'?

[METRICS ERR] 1785735796: Traceback (most recent call last):
  File "D:\Projects_2026\ESP32_CYD_Smart_Desk_Dashboard\pc_utility\pc_monitor_app\main.py", line 336, in stream_loop
    if os.path.exists(drive_path):
       ^^
NameError: name 'os' is not defined. Did you forget to import 'os'?

[METRICS ERR] 1785735798: Traceback (most recent call last):
  File "D:\Projects_2026\ESP32_CYD_Smart_Desk_Dashboard\pc_utility\pc_monitor_app\main.py", line 336, in stream_loop
    if os.path.exists(drive_path):
       ^^
NameError: name 'os' is not defined. Did you forget to import 'os'?

[METRICS ERR] 1785735800: Traceback (most recent call last):
  File "D:\Projects_2026\ESP32_CYD_Smart_Desk_Dashboard\pc_utility\pc_monitor_app\main.py", line 336, in stream_loop
    if os.path.exists(drive_path):
       ^^
NameError: name 'os' is not defined. Did you forget to import 'os'?

[METRICS ERR] 1785735802: Traceback (most recent call last):
  File "D:\Projects_2026\ESP32_CYD_Smart_Desk_Dashboard\pc_utility\pc_monitor_app\main.py", line 336, in stream_loop
    if os.path.exists(drive_path):
       ^^
NameError: name 'os' is not defined. Did you forget to import 'os'?

[METRICS ERR] 1785735804: Traceback (most recent call last):
  File "D:\Projects_2026\ESP32_CYD_Smart_Desk_Dashboard\pc_utility\pc_monitor_app\main.py", line 336, in stream_loop
    if os.path.exists(drive_path):
       ^^
NameError: name 'os' is not defined. Did you forget to import 'os'?

[METRICS ERR] 1785735806: Traceback (most recent call last):
  File "D:\Projects_2026\ESP32_CYD_Smart_Desk_Dashboard\pc_utility\pc_monitor_app\main.py", line 336, in stream_loop
    if os.path.exists(drive_path):
       ^^
NameError: name 'os' is not defined. Did you forget to import 'os'?

[METRICS ERR] 1785735808: Traceback (most recent call last):
  File "D:\Projects_2026\ESP32_CYD_Smart_Desk_Dashboard\pc_utility\pc_monitor_app\main.py", line 336, in stream_loop
    if os.path.exists(drive_path):
       ^^
NameError: name 'os' is not defined. Did you forget to import 'os'?

[METRICS ERR] 1785735810: Traceback (most recent call last):
  File "D:\Projects_2026\ESP32_CYD_Smart_Desk_Dashboard\pc_utility\pc_monitor_app\main.py", line 336, in stream_loop
    if os.path.exists(drive_path):
       ^^
NameError: name 'os' is not defined. Did you forget to import 'os'?

[METRICS ERR] 1785735812: Traceback (most recent call last):
  File "D:\Projects_2026\ESP32_CYD_Smart_Desk_Dashboard\pc_utility\pc_monitor_app\main.py", line 336, in stream_loop
    if os.path.exists(drive_path):
       ^^
NameError: name 'os' is not defined. Did you forget to import 'os'?

[METRICS ERR] 1785735814: Traceback (most recent call last):
  File "D:\Projects_2026\ESP32_CYD_Smart_Desk_Dashboard\pc_utility\pc_monitor_app\main.py", line 336, in stream_loop
    if os.path.exists(drive_path):
       ^^
NameError: name 'os' is not defined. Did you forget to import 'os'?

[METRICS ERR] 1785735816: Traceback (most recent call last):
  File "D:\Projects_2026\ESP32_CYD_Smart_Desk_Dashboard\pc_utility\pc_monitor_app\main.py", line 336, in stream_loop
    if os.path.exists(drive_path):
       ^^
NameError: name 'os' is not defined. Did you forget to import 'os'?

[METRICS ERR] 1785735818: Traceback (most recent call last):
  File "D:\Projects_2026\ESP32_CYD_Smart_Desk_Dashboard\pc_utility\pc_monitor_app\main.py", line 336, in stream_loop
    if os.path.exists(drive_path):
       ^^
NameError: name 'os' is not defined. Did you forget to import 'os'?

[METRICS ERR] 1785735820: Traceback (most recent call last):
  File "D:\Projects_2026\ESP32_CYD_Smart_Desk_Dashboard\pc_utility\pc_monitor_app\main.py", line 336, in stream_loop
    if os.path.exists(drive_path):
       ^^
NameError: name 'os' is not defined. Did you forget to import 'os'?

[METRICS ERR] 1785735822: Traceback (most recent call last):
  File "D:\Projects_2026\ESP32_CYD_Smart_Desk_Dashboard\pc_utility\pc_monitor_app\main.py", line 336, in stream_loop
    if os.path.exists(drive_path):
       ^^
NameError: name 'os' is not defined. Did you forget to import 'os'?

[METRICS ERR] 1785735824: Traceback (most recent call last):
  File "D:\Projects_2026\ESP32_CYD_Smart_Desk_Dashboard\pc_utility\pc_monitor_app\main.py", line 336, in stream_loop
    if os.path.exists(drive_path):
       ^^
NameError: name 'os' is not defined. Did you forget to import 'os'?

[METRICS ERR] 1785735826: Traceback (most recent call last):
  File "D:\Projects_2026\ESP32_CYD_Smart_Desk_Dashboard\pc_utility\pc_monitor_app\main.py", line 336, in stream_loop
    if os.path.exists(drive_path):
       ^^
NameError: name 'os' is not defined. Did you forget to import 'os'?

[METRICS ERR] 1785735828: Traceback (most recent call last):
  File "D:\Projects_2026\ESP32_CYD_Smart_Desk_Dashboard\pc_utility\pc_monitor_app\main.py", line 336, in stream_loop
    if os.path.exists(drive_path):
       ^^
NameError: name 'os' is not defined. Did you forget to import 'os'?

[METRICS ERR] 1785735830: Traceback (most recent call last):
  File "D:\Projects_2026\ESP32_CYD_Smart_Desk_Dashboard\pc_utility\pc_monitor_app\main.py", line 336, in stream_loop
    if os.path.exists(drive_path):
       ^^
NameError: name 'os' is not defined. Did you forget to import 'os'?

[METRICS ERR] 1785735832: Traceback (most recent call last):
  File "D:\Projects_2026\ESP32_CYD_Smart_Desk_Dashboard\pc_utility\pc_monitor_app\main.py", line 336, in stream_loop
    if os.path.exists(drive_path):
       ^^
NameError: name 'os' is not defined. Did you forget to import 'os'?

[METRICS ERR] 1785735834: Traceback (most recent call last):
  File "D:\Projects_2026\ESP32_CYD_Smart_Desk_Dashboard\pc_utility\pc_monitor_app\main.py", line 336, in stream_loop
    if os.path.exists(drive_path):
       ^^
NameError: name 'os' is not defined. Did you forget to import 'os'?

[METRICS ERR] 1785735836: Traceback (most recent call last):
  File "D:\Projects_2026\ESP32_CYD_Smart_Desk_Dashboard\pc_utility\pc_monitor_app\main.py", line 336, in stream_loop
    if os.path.exists(drive_path):
       ^^
NameError: name 'os' is not defined. Did you forget to import 'os'?

[METRICS ERR] 1785735838: Traceback (most recent call last):
  File "D:\Projects_2026\ESP32_CYD_Smart_Desk_Dashboard\pc_utility\pc_monitor_app\main.py", line 336, in stream_loop
    if os.path.exists(drive_path):
       ^^
NameError: name 'os' is not defined. Did you forget to import 'os'?

[METRICS ERR] 1785735840: Traceback (most recent call last):
  File "D:\Projects_2026\ESP32_CYD_Smart_Desk_Dashboard\pc_utility\pc_monitor_app\main.py", line 336, in stream_loop
    if os.path.exists(drive_path):
       ^^
NameError: name 'os' is not defined. Did you forget to import 'os'?

[METRICS ERR] 1785735842: Traceback (most recent call last):
  File "D:\Projects_2026\ESP32_CYD_Smart_Desk_Dashboard\pc_utility\pc_monitor_app\main.py", line 336, in stream_loop
    if os.path.exists(drive_path):
       ^^
NameError: name 'os' is not defined. Did you forget to import 'os'?

[METRICS ERR] 1785735844: Traceback (most recent call last):
  File "D:\Projects_2026\ESP32_CYD_Smart_Desk_Dashboard\pc_utility\pc_monitor_app\main.py", line 336, in stream_loop
    if os.path.exists(drive_path):
       ^^
NameError: name 'os' is not defined. Did you forget to import 'os'?

[METRICS ERR] 1785735846: Traceback (most recent call last):
  File "D:\Projects_2026\ESP32_CYD_Smart_Desk_Dashboard\pc_utility\pc_monitor_app\main.py", line 336, in stream_loop
    if os.path.exists(drive_path):
       ^^
NameError: name 'os' is not defined. Did you forget to import 'os'?

[METRICS ERR] 1785735848: Traceback (most recent call last):
  File "D:\Projects_2026\ESP32_CYD_Smart_Desk_Dashboard\pc_utility\pc_monitor_app\main.py", line 336, in stream_loop
    if os.path.exists(drive_path):
       ^^
NameError: name 'os' is not defined. Did you forget to import 'os'?

[METRICS ERR] 1785735850: Traceback (most recent call last):
  File "D:\Projects_2026\ESP32_CYD_Smart_Desk_Dashboard\pc_utility\pc_monitor_app\main.py", line 336, in stream_loop
    if os.path.exists(drive_path):
       ^^
NameError: name 'os' is not defined. Did you forget to import 'os'?

[METRICS ERR] 1785735852: Traceback (most recent call last):
  File "D:\Projects_2026\ESP32_CYD_Smart_Desk_Dashboard\pc_utility\pc_monitor_app\main.py", line 336, in stream_loop
    if os.path.exists(drive_path):
       ^^
NameError: name 'os' is not defined. Did you forget to import 'os'?

[METRICS ERR] 1785735854: Traceback (most recent call last):
  File "D:\Projects_2026\ESP32_CYD_Smart_Desk_Dashboard\pc_utility\pc_monitor_app\main.py", line 336, in stream_loop
    if os.path.exists(drive_path):
       ^^
NameError: name 'os' is not defined. Did you forget to import 'os'?

[METRICS ERR] 1785735856: Traceback (most recent call last):
  File "D:\Projects_2026\ESP32_CYD_Smart_Desk_Dashboard\pc_utility\pc_monitor_app\main.py", line 336, in stream_loop
    if os.path.exists(drive_path):
       ^^
NameError: name 'os' is not defined. Did you forget to import 'os'?

[METRICS ERR] 1785735858: Traceback (most recent call last):
  File "D:\Projects_2026\ESP32_CYD_Smart_Desk_Dashboard\pc_utility\pc_monitor_app\main.py", line 336, in stream_loop
    if os.path.exists(drive_path):
       ^^
NameError: name 'os' is not defined. Did you forget to import 'os'?

[METRICS ERR] 1785735860: Traceback (most recent call last):
  File "D:\Projects_2026\ESP32_CYD_Smart_Desk_Dashboard\pc_utility\pc_monitor_app\main.py", line 336, in stream_loop
    if os.path.exists(drive_path):
       ^^
NameError: name 'os' is not defined. Did you forget to import 'os'?

[METRICS ERR] 1785735862: Traceback (most recent call last):
  File "D:\Projects_2026\ESP32_CYD_Smart_Desk_Dashboard\pc_utility\pc_monitor_app\main.py", line 336, in stream_loop
    if os.path.exists(drive_path):
       ^^
NameError: name 'os' is not defined. Did you forget to import 'os'?

[METRICS ERR] 1785735864: Traceback (most recent call last):
  File "D:\Projects_2026\ESP32_CYD_Smart_Desk_Dashboard\pc_utility\pc_monitor_app\main.py", line 336, in stream_loop
    if os.path.exists(drive_path):
       ^^
NameError: name 'os' is not defined. Did you forget to import 'os'?

[METRICS ERR] 1785735866: Traceback (most recent call last):
  File "D:\Projects_2026\ESP32_CYD_Smart_Desk_Dashboard\pc_utility\pc_monitor_app\main.py", line 336, in stream_loop
    if os.path.exists(drive_path):
       ^^
NameError: name 'os' is not defined. Did you forget to import 'os'?

[METRICS ERR] 1785735868: Traceback (most recent call last):
  File "D:\Projects_2026\ESP32_CYD_Smart_Desk_Dashboard\pc_utility\pc_monitor_app\main.py", line 336, in stream_loop
    if os.path.exists(drive_path):
       ^^
NameError: name 'os' is not defined. Did you forget to import 'os'?

[METRICS ERR] 1785735870: Traceback (most recent call last):
  File "D:\Projects_2026\ESP32_CYD_Smart_Desk_Dashboard\pc_utility\pc_monitor_app\main.py", line 336, in stream_loop
    if os.path.exists(drive_path):
       ^^
NameError: name 'os' is not defined. Did you forget to import 'os'?

[METRICS ERR] 1785735872: Traceback (most recent call last):
  File "D:\Projects_2026\ESP32_CYD_Smart_Desk_Dashboard\pc_utility\pc_monitor_app\main.py", line 336, in stream_loop
    if os.path.exists(drive_path):
       ^^
NameError: name 'os' is not defined. Did you forget to import 'os'?

[METRICS ERR] 1785735874: Traceback (most recent call last):
  File "D:\Projects_2026\ESP32_CYD_Smart_Desk_Dashboard\pc_utility\pc_monitor_app\main.py", line 336, in stream_loop
    if os.path.exists(drive_path):
       ^^
NameError: name 'os' is not defined. Did you forget to import 'os'?

[METRICS ERR] 1785735876: Traceback (most recent call last):
  File "D:\Projects_2026\ESP32_CYD_Smart_Desk_Dashboard\pc_utility\pc_monitor_app\main.py", line 336, in stream_loop
    if os.path.exists(drive_path):
       ^^
NameError: name 'os' is not defined. Did you forget to import 'os'?

[METRICS ERR] 1785735878: Traceback (most recent call last):
  File "D:\Projects_2026\ESP32_CYD_Smart_Desk_Dashboard\pc_utility\pc_monitor_app\main.py", line 336, in stream_loop
    if os.path.exists(drive_path):
       ^^
NameError: name 'os' is not defined. Did you forget to import 'os'?

[METRICS ERR] 1785735880: Traceback (most recent call last):
  File "D:\Projects_2026\ESP32_CYD_Smart_Desk_Dashboard\pc_utility\pc_monitor_app\main.py", line 336, in stream_loop
    if os.path.exists(drive_path):
       ^^
NameError: name 'os' is not defined. Did you forget to import 'os'?

[METRICS ERR] 1785735882: Traceback (most recent call last):
  File "D:\Projects_2026\ESP32_CYD_Smart_Desk_Dashboard\pc_utility\pc_monitor_app\main.py", line 336, in stream_loop
    if os.path.exists(drive_path):
       ^^
NameError: name 'os' is not defined. Did you forget to import 'os'?

[METRICS ERR] 1785735884: Traceback (most recent call last):
  File "D:\Projects_2026\ESP32_CYD_Smart_Desk_Dashboard\pc_utility\pc_monitor_app\main.py", line 336, in stream_loop
    if os.path.exists(drive_path):
       ^^
NameError: name 'os' is not defined. Did you forget to import 'os'?

[METRICS ERR] 1785735886: Traceback (most recent call last):
  File "D:\Projects_2026\ESP32_CYD_Smart_Desk_Dashboard\pc_utility\pc_monitor_app\main.py", line 336, in stream_loop
    if os.path.exists(drive_path):
       ^^
NameError: name 'os' is not defined. Did you forget to import 'os'?

[METRICS ERR] 1785735888: Traceback (most recent call last):
  File "D:\Projects_2026\ESP32_CYD_Smart_Desk_Dashboard\pc_utility\pc_monitor_app\main.py", line 336, in stream_loop
    if os.path.exists(drive_path):
       ^^
NameError: name 'os' is not defined. Did you forget to import 'os'?

[METRICS ERR] 1785735890: Traceback (most recent call last):
  File "D:\Projects_2026\ESP32_CYD_Smart_Desk_Dashboard\pc_utility\pc_monitor_app\main.py", line 336, in stream_loop
    if os.path.exists(drive_path):
       ^^
NameError: name 'os' is not defined. Did you forget to import 'os'?

[METRICS ERR] 1785735892: Traceback (most recent call last):
  File "D:\Projects_2026\ESP32_CYD_Smart_Desk_Dashboard\pc_utility\pc_monitor_app\main.py", line 336, in stream_loop
    if os.path.exists(drive_path):
       ^^
NameError: name 'os' is not defined. Did you forget to import 'os'?

[METRICS ERR] 1785735894: Traceback (most recent call last):
  File "D:\Projects_2026\ESP32_CYD_Smart_Desk_Dashboard\pc_utility\pc_monitor_app\main.py", line 336, in stream_loop
    if os.path.exists(drive_path):
       ^^
NameError: name 'os' is not defined. Did you forget to import 'os'?

[METRICS ERR] 1785735896: Traceback (most recent call last):
  File "D:\Projects_2026\ESP32_CYD_Smart_Desk_Dashboard\pc_utility\pc_monitor_app\main.py", line 336, in stream_loop
    if os.path.exists(drive_path):
       ^^
NameError: name 'os' is not defined. Did you forget to import 'os'?

[METRICS ERR] 1785735899: Traceback (most recent call last):
  File "D:\Projects_2026\ESP32_CYD_Smart_Desk_Dashboard\pc_utility\pc_monitor_app\main.py", line 336, in stream_loop
    if os.path.exists(drive_path):
       ^^
NameError: name 'os' is not defined. Did you forget to import 'os'?

[METRICS ERR] 1785735901: Traceback (most recent call last):
  File "D:\Projects_2026\ESP32_CYD_Smart_Desk_Dashboard\pc_utility\pc_monitor_app\main.py", line 336, in stream_loop
    if os.path.exists(drive_path):
       ^^
NameError: name 'os' is not defined. Did you forget to import 'os'?

[METRICS ERR] 1785735903: Traceback (most recent call last):
  File "D:\Projects_2026\ESP32_CYD_Smart_Desk_Dashboard\pc_utility\pc_monitor_app\main.py", line 336, in stream_loop
    if os.path.exists(drive_path):
       ^^
NameError: name 'os' is not defined. Did you forget to import 'os'?

[METRICS ERR] 1785735905: Traceback (most recent call last):
  File "D:\Projects_2026\ESP32_CYD_Smart_Desk_Dashboard\pc_utility\pc_monitor_app\main.py", line 336, in stream_loop
    if os.path.exists(drive_path):
       ^^
NameError: name 'os' is not defined. Did you forget to import 'os'?

[METRICS ERR] 1785735907: Traceback (most recent call last):
  File "D:\Projects_2026\ESP32_CYD_Smart_Desk_Dashboard\pc_utility\pc_monitor_app\main.py", line 336, in stream_loop
    if os.path.exists(drive_path):
       ^^
NameError: name 'os' is not defined. Did you forget to import 'os'?

[METRICS ERR] 1785735909: Traceback (most recent call last):
  File "D:\Projects_2026\ESP32_CYD_Smart_Desk_Dashboard\pc_utility\pc_monitor_app\main.py", line 336, in stream_loop
    if os.path.exists(drive_path):
       ^^
NameError: name 'os' is not defined. Did you forget to import 'os'?

[METRICS ERR] 1785735911: Traceback (most recent call last):
  File "D:\Projects_2026\ESP32_CYD_Smart_Desk_Dashboard\pc_utility\pc_monitor_app\main.py", line 336, in stream_loop
    if os.path.exists(drive_path):
       ^^
NameError: name 'os' is not defined. Did you forget to import 'os'?

[METRICS ERR] 1785735913: Traceback (most recent call last):
  File "D:\Projects_2026\ESP32_CYD_Smart_Desk_Dashboard\pc_utility\pc_monitor_app\main.py", line 336, in stream_loop
    if os.path.exists(drive_path):
       ^^
NameError: name 'os' is not defined. Did you forget to import 'os'?

[METRICS ERR] 1785735915: Traceback (most recent call last):
  File "D:\Projects_2026\ESP32_CYD_Smart_Desk_Dashboard\pc_utility\pc_monitor_app\main.py", line 336, in stream_loop
    if os.path.exists(drive_path):
       ^^
NameError: name 'os' is not defined. Did you forget to import 'os'?

[METRICS ERR] 1785735917: Traceback (most recent call last):
  File "D:\Projects_2026\ESP32_CYD_Smart_Desk_Dashboard\pc_utility\pc_monitor_app\main.py", line 336, in stream_loop
    if os.path.exists(drive_path):
       ^^
NameError: name 'os' is not defined. Did you forget to import 'os'?

[METRICS ERR] 1785735919: Traceback (most recent call last):
  File "D:\Projects_2026\ESP32_CYD_Smart_Desk_Dashboard\pc_utility\pc_monitor_app\main.py", line 336, in stream_loop
    if os.path.exists(drive_path):
       ^^
NameError: name 'os' is not defined. Did you forget to import 'os'?

[METRICS ERR] 1785735921: Traceback (most recent call last):
  File "D:\Projects_2026\ESP32_CYD_Smart_Desk_Dashboard\pc_utility\pc_monitor_app\main.py", line 336, in stream_loop
    if os.path.exists(drive_path):
       ^^
NameError: name 'os' is not defined. Did you forget to import 'os'?

[METRICS ERR] 1785735923: Traceback (most recent call last):
  File "D:\Projects_2026\ESP32_CYD_Smart_Desk_Dashboard\pc_utility\pc_monitor_app\main.py", line 336, in stream_loop
    if os.path.exists(drive_path):
       ^^
NameError: name 'os' is not defined. Did you forget to import 'os'?

[METRICS ERR] 1785735925: Traceback (most recent call last):
  File "D:\Projects_2026\ESP32_CYD_Smart_Desk_Dashboard\pc_utility\pc_monitor_app\main.py", line 336, in stream_loop
    if os.path.exists(drive_path):
       ^^
NameError: name 'os' is not defined. Did you forget to import 'os'?

[METRICS ERR] 1785735927: Traceback (most recent call last):
  File "D:\Projects_2026\ESP32_CYD_Smart_Desk_Dashboard\pc_utility\pc_monitor_app\main.py", line 336, in stream_loop
    if os.path.exists(drive_path):
       ^^
NameError: name 'os' is not defined. Did you forget to import 'os'?

[METRICS ERR] 1785735929: Traceback (most recent call last):
  File "D:\Projects_2026\ESP32_CYD_Smart_Desk_Dashboard\pc_utility\pc_monitor_app\main.py", line 336, in stream_loop
    if os.path.exists(drive_path):
       ^^
NameError: name 'os' is not defined. Did you forget to import 'os'?

[METRICS ERR] 1785735931: Traceback (most recent call last):
  File "D:\Projects_2026\ESP32_CYD_Smart_Desk_Dashboard\pc_utility\pc_monitor_app\main.py", line 336, in stream_loop
    if os.path.exists(drive_path):
       ^^
NameError: name 'os' is not defined. Did you forget to import 'os'?

[METRICS ERR] 1785735933: Traceback (most recent call last):
  File "D:\Projects_2026\ESP32_CYD_Smart_Desk_Dashboard\pc_utility\pc_monitor_app\main.py", line 336, in stream_loop
    if os.path.exists(drive_path):
       ^^
NameError: name 'os' is not defined. Did you forget to import 'os'?

[METRICS ERR] 1785735935: Traceback (most recent call last):
  File "D:\Projects_2026\ESP32_CYD_Smart_Desk_Dashboard\pc_utility\pc_monitor_app\main.py", line 336, in stream_loop
    if os.path.exists(drive_path):
       ^^
NameError: name 'os' is not defined. Did you forget to import 'os'?

[METRICS ERR] 1785735937: Traceback (most recent call last):
  File "D:\Projects_2026\ESP32_CYD_Smart_Desk_Dashboard\pc_utility\pc_monitor_app\main.py", line 336, in stream_loop
    if os.path.exists(drive_path):
       ^^
NameError: name 'os' is not defined. Did you forget to import 'os'?

[METRICS ERR] 1785735939: Traceback (most recent call last):
  File "D:\Projects_2026\ESP32_CYD_Smart_Desk_Dashboard\pc_utility\pc_monitor_app\main.py", line 336, in stream_loop
    if os.path.exists(drive_path):
       ^^
NameError: name 'os' is not defined. Did you forget to import 'os'?

[METRICS ERR] 1785735941: Traceback (most recent call last):
  File "D:\Projects_2026\ESP32_CYD_Smart_Desk_Dashboard\pc_utility\pc_monitor_app\main.py", line 336, in stream_loop
    if os.path.exists(drive_path):
       ^^
NameError: name 'os' is not defined. Did you forget to import 'os'?

[METRICS ERR] 1785735943: Traceback (most recent call last):
  File "D:\Projects_2026\ESP32_CYD_Smart_Desk_Dashboard\pc_utility\pc_monitor_app\main.py", line 336, in stream_loop
    if os.path.exists(drive_path):
       ^^
NameError: name 'os' is not defined. Did you forget to import 'os'?

[METRICS ERR] 1785735945: Traceback (most recent call last):
  File "D:\Projects_2026\ESP32_CYD_Smart_Desk_Dashboard\pc_utility\pc_monitor_app\main.py", line 336, in stream_loop
    if os.path.exists(drive_path):
       ^^
NameError: name 'os' is not defined. Did you forget to import 'os'?

[METRICS ERR] 1785735947: Traceback (most recent call last):
  File "D:\Projects_2026\ESP32_CYD_Smart_Desk_Dashboard\pc_utility\pc_monitor_app\main.py", line 336, in stream_loop
    if os.path.exists(drive_path):
       ^^
NameError: name 'os' is not defined. Did you forget to import 'os'?

[METRICS ERR] 1785735949: Traceback (most recent call last):
  File "D:\Projects_2026\ESP32_CYD_Smart_Desk_Dashboard\pc_utility\pc_monitor_app\main.py", line 336, in stream_loop
    if os.path.exists(drive_path):
       ^^
NameError: name 'os' is not defined. Did you forget to import 'os'?

[METRICS ERR] 1785735951: Traceback (most recent call last):
  File "D:\Projects_2026\ESP32_CYD_Smart_Desk_Dashboard\pc_utility\pc_monitor_app\main.py", line 336, in stream_loop
    if os.path.exists(drive_path):
       ^^
NameError: name 'os' is not defined. Did you forget to import 'os'?

[METRICS ERR] 1785735953: Traceback (most recent call last):
  File "D:\Projects_2026\ESP32_CYD_Smart_Desk_Dashboard\pc_utility\pc_monitor_app\main.py", line 336, in stream_loop
    if os.path.exists(drive_path):
       ^^
NameError: name 'os' is not defined. Did you forget to import 'os'?

[METRICS ERR] 1785735955: Traceback (most recent call last):
  File "D:\Projects_2026\ESP32_CYD_Smart_Desk_Dashboard\pc_utility\pc_monitor_app\main.py", line 336, in stream_loop
    if os.path.exists(drive_path):
       ^^
NameError: name 'os' is not defined. Did you forget to import 'os'?

[METRICS ERR] 1785735957: Traceback (most recent call last):
  File "D:\Projects_2026\ESP32_CYD_Smart_Desk_Dashboard\pc_utility\pc_monitor_app\main.py", line 336, in stream_loop
    if os.path.exists(drive_path):
       ^^
NameError: name 'os' is not defined. Did you forget to import 'os'?

[METRICS ERR] 1785735959: Traceback (most recent call last):
  File "D:\Projects_2026\ESP32_CYD_Smart_Desk_Dashboard\pc_utility\pc_monitor_app\main.py", line 336, in stream_loop
    if os.path.exists(drive_path):
       ^^
NameError: name 'os' is not defined. Did you forget to import 'os'?

[METRICS ERR] 1785735961: Traceback (most recent call last):
  File "D:\Projects_2026\ESP32_CYD_Smart_Desk_Dashboard\pc_utility\pc_monitor_app\main.py", line 336, in stream_loop
    if os.path.exists(drive_path):
       ^^
NameError: name 'os' is not defined. Did you forget to import 'os'?

[METRICS ERR] 1785735963: Traceback (most recent call last):
  File "D:\Projects_2026\ESP32_CYD_Smart_Desk_Dashboard\pc_utility\pc_monitor_app\main.py", line 336, in stream_loop
    if os.path.exists(drive_path):
       ^^
NameError: name 'os' is not defined. Did you forget to import 'os'?

[METRICS ERR] 1785735965: Traceback (most recent call last):
  File "D:\Projects_2026\ESP32_CYD_Smart_Desk_Dashboard\pc_utility\pc_monitor_app\main.py", line 336, in stream_loop
    if os.path.exists(drive_path):
       ^^
NameError: name 'os' is not defined. Did you forget to import 'os'?

[METRICS ERR] 1785735967: Traceback (most recent call last):
  File "D:\Projects_2026\ESP32_CYD_Smart_Desk_Dashboard\pc_utility\pc_monitor_app\main.py", line 336, in stream_loop
    if os.path.exists(drive_path):
       ^^
NameError: name 'os' is not defined. Did you forget to import 'os'?

[METRICS ERR] 1785735969: Traceback (most recent call last):
  File "D:\Projects_2026\ESP32_CYD_Smart_Desk_Dashboard\pc_utility\pc_monitor_app\main.py", line 336, in stream_loop
    if os.path.exists(drive_path):
       ^^
NameError: name 'os' is not defined. Did you forget to import 'os'?

[METRICS ERR] 1785735971: Traceback (most recent call last):
  File "D:\Projects_2026\ESP32_CYD_Smart_Desk_Dashboard\pc_utility\pc_monitor_app\main.py", line 336, in stream_loop
    if os.path.exists(drive_path):
       ^^
NameError: name 'os' is not defined. Did you forget to import 'os'?

[METRICS ERR] 1785735973: Traceback (most recent call last):
  File "D:\Projects_2026\ESP32_CYD_Smart_Desk_Dashboard\pc_utility\pc_monitor_app\main.py", line 336, in stream_loop
    if os.path.exists(drive_path):
       ^^
NameError: name 'os' is not defined. Did you forget to import 'os'?

[METRICS ERR] 1785735975: Traceback (most recent call last):
  File "D:\Projects_2026\ESP32_CYD_Smart_Desk_Dashboard\pc_utility\pc_monitor_app\main.py", line 336, in stream_loop
    if os.path.exists(drive_path):
       ^^
NameError: name 'os' is not defined. Did you forget to import 'os'?

[METRICS ERR] 1785735977: Traceback (most recent call last):
  File "D:\Projects_2026\ESP32_CYD_Smart_Desk_Dashboard\pc_utility\pc_monitor_app\main.py", line 336, in stream_loop
    if os.path.exists(drive_path):
       ^^
NameError: name 'os' is not defined. Did you forget to import 'os'?

[METRICS ERR] 1785735979: Traceback (most recent call last):
  File "D:\Projects_2026\ESP32_CYD_Smart_Desk_Dashboard\pc_utility\pc_monitor_app\main.py", line 336, in stream_loop
    if os.path.exists(drive_path):
       ^^
NameError: name 'os' is not defined. Did you forget to import 'os'?

[METRICS ERR] 1785735981: Traceback (most recent call last):
  File "D:\Projects_2026\ESP32_CYD_Smart_Desk_Dashboard\pc_utility\pc_monitor_app\main.py", line 336, in stream_loop
    if os.path.exists(drive_path):
       ^^
NameError: name 'os' is not defined. Did you forget to import 'os'?

[METRICS ERR] 1785735983: Traceback (most recent call last):
  File "D:\Projects_2026\ESP32_CYD_Smart_Desk_Dashboard\pc_utility\pc_monitor_app\main.py", line 336, in stream_loop
    if os.path.exists(drive_path):
       ^^
NameError: name 'os' is not defined. Did you forget to import 'os'?

[METRICS ERR] 1785735985: Traceback (most recent call last):
  File "D:\Projects_2026\ESP32_CYD_Smart_Desk_Dashboard\pc_utility\pc_monitor_app\main.py", line 336, in stream_loop
    if os.path.exists(drive_path):
       ^^
NameError: name 'os' is not defined. Did you forget to import 'os'?

[METRICS ERR] 1785735987: Traceback (most recent call last):
  File "D:\Projects_2026\ESP32_CYD_Smart_Desk_Dashboard\pc_utility\pc_monitor_app\main.py", line 336, in stream_loop
    if os.path.exists(drive_path):
       ^^
NameError: name 'os' is not defined. Did you forget to import 'os'?

[METRICS ERR] 1785735989: Traceback (most recent call last):
  File "D:\Projects_2026\ESP32_CYD_Smart_Desk_Dashboard\pc_utility\pc_monitor_app\main.py", line 336, in stream_loop
    if os.path.exists(drive_path):
       ^^
NameError: name 'os' is not defined. Did you forget to import 'os'?

[METRICS ERR] 1785735991: Traceback (most recent call last):
  File "D:\Projects_2026\ESP32_CYD_Smart_Desk_Dashboard\pc_utility\pc_monitor_app\main.py", line 336, in stream_loop
    if os.path.exists(drive_path):
       ^^
NameError: name 'os' is not defined. Did you forget to import 'os'?

[METRICS ERR] 1785735993: Traceback (most recent call last):
  File "D:\Projects_2026\ESP32_CYD_Smart_Desk_Dashboard\pc_utility\pc_monitor_app\main.py", line 336, in stream_loop
    if os.path.exists(drive_path):
       ^^
NameError: name 'os' is not defined. Did you forget to import 'os'?

[METRICS ERR] 1785735995: Traceback (most recent call last):
  File "D:\Projects_2026\ESP32_CYD_Smart_Desk_Dashboard\pc_utility\pc_monitor_app\main.py", line 336, in stream_loop
    if os.path.exists(drive_path):
       ^^
NameError: name 'os' is not defined. Did you forget to import 'os'?

[METRICS ERR] 1785735997: Traceback (most recent call last):
  File "D:\Projects_2026\ESP32_CYD_Smart_Desk_Dashboard\pc_utility\pc_monitor_app\main.py", line 336, in stream_loop
    if os.path.exists(drive_path):
       ^^
NameError: name 'os' is not defined. Did you forget to import 'os'?

[METRICS ERR] 1785735999: Traceback (most recent call last):
  File "D:\Projects_2026\ESP32_CYD_Smart_Desk_Dashboard\pc_utility\pc_monitor_app\main.py", line 336, in stream_loop
    if os.path.exists(drive_path):
       ^^
NameError: name 'os' is not defined. Did you forget to import 'os'?

[METRICS ERR] 1785736001: Traceback (most recent call last):
  File "D:\Projects_2026\ESP32_CYD_Smart_Desk_Dashboard\pc_utility\pc_monitor_app\main.py", line 336, in stream_loop
    if os.path.exists(drive_path):
       ^^
NameError: name 'os' is not defined. Did you forget to import 'os'?

[METRICS ERR] 1785736003: Traceback (most recent call last):
  File "D:\Projects_2026\ESP32_CYD_Smart_Desk_Dashboard\pc_utility\pc_monitor_app\main.py", line 336, in stream_loop
    if os.path.exists(drive_path):
       ^^
NameError: name 'os' is not defined. Did you forget to import 'os'?

[METRICS ERR] 1785736005: Traceback (most recent call last):
  File "D:\Projects_2026\ESP32_CYD_Smart_Desk_Dashboard\pc_utility\pc_monitor_app\main.py", line 336, in stream_loop
    if os.path.exists(drive_path):
       ^^
NameError: name 'os' is not defined. Did you forget to import 'os'?

[METRICS ERR] 1785736007: Traceback (most recent call last):
  File "D:\Projects_2026\ESP32_CYD_Smart_Desk_Dashboard\pc_utility\pc_monitor_app\main.py", line 336, in stream_loop
    if os.path.exists(drive_path):
       ^^
NameError: name 'os' is not defined. Did you forget to import 'os'?

[METRICS ERR] 1785736009: Traceback (most recent call last):
  File "D:\Projects_2026\ESP32_CYD_Smart_Desk_Dashboard\pc_utility\pc_monitor_app\main.py", line 336, in stream_loop
    if os.path.exists(drive_path):
       ^^
NameError: name 'os' is not defined. Did you forget to import 'os'?

[METRICS ERR] 1785736011: Traceback (most recent call last):
  File "D:\Projects_2026\ESP32_CYD_Smart_Desk_Dashboard\pc_utility\pc_monitor_app\main.py", line 336, in stream_loop
    if os.path.exists(drive_path):
       ^^
NameError: name 'os' is not defined. Did you forget to import 'os'?

[METRICS ERR] 1785736013: Traceback (most recent call last):
  File "D:\Projects_2026\ESP32_CYD_Smart_Desk_Dashboard\pc_utility\pc_monitor_app\main.py", line 336, in stream_loop
    if os.path.exists(drive_path):
       ^^
NameError: name 'os' is not defined. Did you forget to import 'os'?

[METRICS ERR] 1785736015: Traceback (most recent call last):
  File "D:\Projects_2026\ESP32_CYD_Smart_Desk_Dashboard\pc_utility\pc_monitor_app\main.py", line 336, in stream_loop
    if os.path.exists(drive_path):
       ^^
NameError: name 'os' is not defined. Did you forget to import 'os'?

[METRICS ERR] 1785736017: Traceback (most recent call last):
  File "D:\Projects_2026\ESP32_CYD_Smart_Desk_Dashboard\pc_utility\pc_monitor_app\main.py", line 336, in stream_loop
    if os.path.exists(drive_path):
       ^^
NameError: name 'os' is not defined. Did you forget to import 'os'?

[METRICS ERR] 1785736019: Traceback (most recent call last):
  File "D:\Projects_2026\ESP32_CYD_Smart_Desk_Dashboard\pc_utility\pc_monitor_app\main.py", line 336, in stream_loop
    if os.path.exists(drive_path):
       ^^
NameError: name 'os' is not defined. Did you forget to import 'os'?

[METRICS ERR] 1785736021: Traceback (most recent call last):
  File "D:\Projects_2026\ESP32_CYD_Smart_Desk_Dashboard\pc_utility\pc_monitor_app\main.py", line 336, in stream_loop
    if os.path.exists(drive_path):
       ^^
NameError: name 'os' is not defined. Did you forget to import 'os'?

[METRICS ERR] 1785736023: Traceback (most recent call last):
  File "D:\Projects_2026\ESP32_CYD_Smart_Desk_Dashboard\pc_utility\pc_monitor_app\main.py", line 336, in stream_loop
    if os.path.exists(drive_path):
       ^^
NameError: name 'os' is not defined. Did you forget to import 'os'?

[METRICS ERR] 1785736025: Traceback (most recent call last):
  File "D:\Projects_2026\ESP32_CYD_Smart_Desk_Dashboard\pc_utility\pc_monitor_app\main.py", line 336, in stream_loop
    if os.path.exists(drive_path):
       ^^
NameError: name 'os' is not defined. Did you forget to import 'os'?

[METRICS ERR] 1785736027: Traceback (most recent call last):
  File "D:\Projects_2026\ESP32_CYD_Smart_Desk_Dashboard\pc_utility\pc_monitor_app\main.py", line 336, in stream_loop
    if os.path.exists(drive_path):
       ^^
NameError: name 'os' is not defined. Did you forget to import 'os'?

[METRICS ERR] 1785736030: Traceback (most recent call last):
  File "D:\Projects_2026\ESP32_CYD_Smart_Desk_Dashboard\pc_utility\pc_monitor_app\main.py", line 336, in stream_loop
    if os.path.exists(drive_path):
       ^^
NameError: name 'os' is not defined. Did you forget to import 'os'?

[METRICS ERR] 1785736032: Traceback (most recent call last):
  File "D:\Projects_2026\ESP32_CYD_Smart_Desk_Dashboard\pc_utility\pc_monitor_app\main.py", line 336, in stream_loop
    if os.path.exists(drive_path):
       ^^
NameError: name 'os' is not defined. Did you forget to import 'os'?

[METRICS ERR] 1785736034: Traceback (most recent call last):
  File "D:\Projects_2026\ESP32_CYD_Smart_Desk_Dashboard\pc_utility\pc_monitor_app\main.py", line 336, in stream_loop
    if os.path.exists(drive_path):
       ^^
NameError: name 'os' is not defined. Did you forget to import 'os'?

[METRICS ERR] 1785736036: Traceback (most recent call last):
  File "D:\Projects_2026\ESP32_CYD_Smart_Desk_Dashboard\pc_utility\pc_monitor_app\main.py", line 336, in stream_loop
    if os.path.exists(drive_path):
       ^^
NameError: name 'os' is not defined. Did you forget to import 'os'?

[METRICS ERR] 1785736038: Traceback (most recent call last):
  File "D:\Projects_2026\ESP32_CYD_Smart_Desk_Dashboard\pc_utility\pc_monitor_app\main.py", line 336, in stream_loop
    if os.path.exists(drive_path):
       ^^
NameError: name 'os' is not defined. Did you forget to import 'os'?

[METRICS ERR] 1785736040: Traceback (most recent call last):
  File "D:\Projects_2026\ESP32_CYD_Smart_Desk_Dashboard\pc_utility\pc_monitor_app\main.py", line 336, in stream_loop
    if os.path.exists(drive_path):
       ^^
NameError: name 'os' is not defined. Did you forget to import 'os'?

[METRICS ERR] 1785736042: Traceback (most recent call last):
  File "D:\Projects_2026\ESP32_CYD_Smart_Desk_Dashboard\pc_utility\pc_monitor_app\main.py", line 336, in stream_loop
    if os.path.exists(drive_path):
       ^^
NameError: name 'os' is not defined. Did you forget to import 'os'?

[METRICS ERR] 1785736044: Traceback (most recent call last):
  File "D:\Projects_2026\ESP32_CYD_Smart_Desk_Dashboard\pc_utility\pc_monitor_app\main.py", line 336, in stream_loop
    if os.path.exists(drive_path):
       ^^
NameError: name 'os' is not defined. Did you forget to import 'os'?

[METRICS ERR] 1785736046: Traceback (most recent call last):
  File "D:\Projects_2026\ESP32_CYD_Smart_Desk_Dashboard\pc_utility\pc_monitor_app\main.py", line 336, in stream_loop
    if os.path.exists(drive_path):
       ^^
NameError: name 'os' is not defined. Did you forget to import 'os'?

[METRICS ERR] 1785736048: Traceback (most recent call last):
  File "D:\Projects_2026\ESP32_CYD_Smart_Desk_Dashboard\pc_utility\pc_monitor_app\main.py", line 336, in stream_loop
    if os.path.exists(drive_path):
       ^^
NameError: name 'os' is not defined. Did you forget to import 'os'?

[METRICS ERR] 1785736050: Traceback (most recent call last):
  File "D:\Projects_2026\ESP32_CYD_Smart_Desk_Dashboard\pc_utility\pc_monitor_app\main.py", line 336, in stream_loop
    if os.path.exists(drive_path):
       ^^
NameError: name 'os' is not defined. Did you forget to import 'os'?

[METRICS ERR] 1785736052: Traceback (most recent call last):
  File "D:\Projects_2026\ESP32_CYD_Smart_Desk_Dashboard\pc_utility\pc_monitor_app\main.py", line 336, in stream_loop
    if os.path.exists(drive_path):
       ^^
NameError: name 'os' is not defined. Did you forget to import 'os'?

[METRICS ERR] 1785736054: Traceback (most recent call last):
  File "D:\Projects_2026\ESP32_CYD_Smart_Desk_Dashboard\pc_utility\pc_monitor_app\main.py", line 336, in stream_loop
    if os.path.exists(drive_path):
       ^^
NameError: name 'os' is not defined. Did you forget to import 'os'?

[METRICS ERR] 1785736056: Traceback (most recent call last):
  File "D:\Projects_2026\ESP32_CYD_Smart_Desk_Dashboard\pc_utility\pc_monitor_app\main.py", line 336, in stream_loop
    if os.path.exists(drive_path):
       ^^
NameError: name 'os' is not defined. Did you forget to import 'os'?

[METRICS ERR] 1785736058: Traceback (most recent call last):
  File "D:\Projects_2026\ESP32_CYD_Smart_Desk_Dashboard\pc_utility\pc_monitor_app\main.py", line 336, in stream_loop
    if os.path.exists(drive_path):
       ^^
NameError: name 'os' is not defined. Did you forget to import 'os'?

[METRICS ERR] 1785736060: Traceback (most recent call last):
  File "D:\Projects_2026\ESP32_CYD_Smart_Desk_Dashboard\pc_utility\pc_monitor_app\main.py", line 336, in stream_loop
    if os.path.exists(drive_path):
       ^^
NameError: name 'os' is not defined. Did you forget to import 'os'?

[METRICS ERR] 1785736062: Traceback (most recent call last):
  File "D:\Projects_2026\ESP32_CYD_Smart_Desk_Dashboard\pc_utility\pc_monitor_app\main.py", line 336, in stream_loop
    if os.path.exists(drive_path):
       ^^
NameError: name 'os' is not defined. Did you forget to import 'os'?

[METRICS ERR] 1785736064: Traceback (most recent call last):
  File "D:\Projects_2026\ESP32_CYD_Smart_Desk_Dashboard\pc_utility\pc_monitor_app\main.py", line 336, in stream_loop
    if os.path.exists(drive_path):
       ^^
NameError: name 'os' is not defined. Did you forget to import 'os'?

[METRICS ERR] 1785736066: Traceback (most recent call last):
  File "D:\Projects_2026\ESP32_CYD_Smart_Desk_Dashboard\pc_utility\pc_monitor_app\main.py", line 336, in stream_loop
    if os.path.exists(drive_path):
       ^^
NameError: name 'os' is not defined. Did you forget to import 'os'?

[METRICS ERR] 1785736068: Traceback (most recent call last):
  File "D:\Projects_2026\ESP32_CYD_Smart_Desk_Dashboard\pc_utility\pc_monitor_app\main.py", line 336, in stream_loop
    if os.path.exists(drive_path):
       ^^
NameError: name 'os' is not defined. Did you forget to import 'os'?

[METRICS ERR] 1785736070: Traceback (most recent call last):
  File "D:\Projects_2026\ESP32_CYD_Smart_Desk_Dashboard\pc_utility\pc_monitor_app\main.py", line 336, in stream_loop
    if os.path.exists(drive_path):
       ^^
NameError: name 'os' is not defined. Did you forget to import 'os'?

[METRICS ERR] 1785736072: Traceback (most recent call last):
  File "D:\Projects_2026\ESP32_CYD_Smart_Desk_Dashboard\pc_utility\pc_monitor_app\main.py", line 336, in stream_loop
    if os.path.exists(drive_path):
       ^^
NameError: name 'os' is not defined. Did you forget to import 'os'?

[METRICS ERR] 1785736074: Traceback (most recent call last):
  File "D:\Projects_2026\ESP32_CYD_Smart_Desk_Dashboard\pc_utility\pc_monitor_app\main.py", line 336, in stream_loop
    if os.path.exists(drive_path):
       ^^
NameError: name 'os' is not defined. Did you forget to import 'os'?

[METRICS ERR] 1785736076: Traceback (most recent call last):
  File "D:\Projects_2026\ESP32_CYD_Smart_Desk_Dashboard\pc_utility\pc_monitor_app\main.py", line 336, in stream_loop
    if os.path.exists(drive_path):
       ^^
NameError: name 'os' is not defined. Did you forget to import 'os'?

[METRICS ERR] 1785736078: Traceback (most recent call last):
  File "D:\Projects_2026\ESP32_CYD_Smart_Desk_Dashboard\pc_utility\pc_monitor_app\main.py", line 336, in stream_loop
    if os.path.exists(drive_path):
       ^^
NameError: name 'os' is not defined. Did you forget to import 'os'?

[METRICS ERR] 1785736080: Traceback (most recent call last):
  File "D:\Projects_2026\ESP32_CYD_Smart_Desk_Dashboard\pc_utility\pc_monitor_app\main.py", line 336, in stream_loop
    if os.path.exists(drive_path):
       ^^
NameError: name 'os' is not defined. Did you forget to import 'os'?

[METRICS ERR] 1785736082: Traceback (most recent call last):
  File "D:\Projects_2026\ESP32_CYD_Smart_Desk_Dashboard\pc_utility\pc_monitor_app\main.py", line 336, in stream_loop
    if os.path.exists(drive_path):
       ^^
NameError: name 'os' is not defined. Did you forget to import 'os'?

[METRICS ERR] 1785736084: Traceback (most recent call last):
  File "D:\Projects_2026\ESP32_CYD_Smart_Desk_Dashboard\pc_utility\pc_monitor_app\main.py", line 336, in stream_loop
    if os.path.exists(drive_path):
       ^^
NameError: name 'os' is not defined. Did you forget to import 'os'?

[METRICS ERR] 1785736086: Traceback (most recent call last):
  File "D:\Projects_2026\ESP32_CYD_Smart_Desk_Dashboard\pc_utility\pc_monitor_app\main.py", line 336, in stream_loop
    if os.path.exists(drive_path):
       ^^
NameError: name 'os' is not defined. Did you forget to import 'os'?

[METRICS ERR] 1785736088: Traceback (most recent call last):
  File "D:\Projects_2026\ESP32_CYD_Smart_Desk_Dashboard\pc_utility\pc_monitor_app\main.py", line 336, in stream_loop
    if os.path.exists(drive_path):
       ^^
NameError: name 'os' is not defined. Did you forget to import 'os'?

[METRICS ERR] 1785736090: Traceback (most recent call last):
  File "D:\Projects_2026\ESP32_CYD_Smart_Desk_Dashboard\pc_utility\pc_monitor_app\main.py", line 336, in stream_loop
    if os.path.exists(drive_path):
       ^^
NameError: name 'os' is not defined. Did you forget to import 'os'?

[METRICS ERR] 1785736092: Traceback (most recent call last):
  File "D:\Projects_2026\ESP32_CYD_Smart_Desk_Dashboard\pc_utility\pc_monitor_app\main.py", line 336, in stream_loop
    if os.path.exists(drive_path):
       ^^
NameError: name 'os' is not defined. Did you forget to import 'os'?

[METRICS ERR] 1785736094: Traceback (most recent call last):
  File "D:\Projects_2026\ESP32_CYD_Smart_Desk_Dashboard\pc_utility\pc_monitor_app\main.py", line 336, in stream_loop
    if os.path.exists(drive_path):
       ^^
NameError: name 'os' is not defined. Did you forget to import 'os'?

[METRICS ERR] 1785736096: Traceback (most recent call last):
  File "D:\Projects_2026\ESP32_CYD_Smart_Desk_Dashboard\pc_utility\pc_monitor_app\main.py", line 336, in stream_loop
    if os.path.exists(drive_path):
       ^^
NameError: name 'os' is not defined. Did you forget to import 'os'?

[METRICS ERR] 1785736098: Traceback (most recent call last):
  File "D:\Projects_2026\ESP32_CYD_Smart_Desk_Dashboard\pc_utility\pc_monitor_app\main.py", line 336, in stream_loop
    if os.path.exists(drive_path):
       ^^
NameError: name 'os' is not defined. Did you forget to import 'os'?

[METRICS ERR] 1785736100: Traceback (most recent call last):
  File "D:\Projects_2026\ESP32_CYD_Smart_Desk_Dashboard\pc_utility\pc_monitor_app\main.py", line 336, in stream_loop
    if os.path.exists(drive_path):
       ^^
NameError: name 'os' is not defined. Did you forget to import 'os'?

[METRICS ERR] 1785736102: Traceback (most recent call last):
  File "D:\Projects_2026\ESP32_CYD_Smart_Desk_Dashboard\pc_utility\pc_monitor_app\main.py", line 336, in stream_loop
    if os.path.exists(drive_path):
       ^^
NameError: name 'os' is not defined. Did you forget to import 'os'?

[METRICS ERR] 1785736104: Traceback (most recent call last):
  File "D:\Projects_2026\ESP32_CYD_Smart_Desk_Dashboard\pc_utility\pc_monitor_app\main.py", line 336, in stream_loop
    if os.path.exists(drive_path):
       ^^
NameError: name 'os' is not defined. Did you forget to import 'os'?

[METRICS ERR] 1785736106: Traceback (most recent call last):
  File "D:\Projects_2026\ESP32_CYD_Smart_Desk_Dashboard\pc_utility\pc_monitor_app\main.py", line 336, in stream_loop
    if os.path.exists(drive_path):
       ^^
NameError: name 'os' is not defined. Did you forget to import 'os'?

[METRICS ERR] 1785736108: Traceback (most recent call last):
  File "D:\Projects_2026\ESP32_CYD_Smart_Desk_Dashboard\pc_utility\pc_monitor_app\main.py", line 336, in stream_loop
    if os.path.exists(drive_path):
       ^^
NameError: name 'os' is not defined. Did you forget to import 'os'?

[METRICS ERR] 1785736110: Traceback (most recent call last):
  File "D:\Projects_2026\ESP32_CYD_Smart_Desk_Dashboard\pc_utility\pc_monitor_app\main.py", line 336, in stream_loop
    if os.path.exists(drive_path):
       ^^
NameError: name 'os' is not defined. Did you forget to import 'os'?

[METRICS ERR] 1785736112: Traceback (most recent call last):
  File "D:\Projects_2026\ESP32_CYD_Smart_Desk_Dashboard\pc_utility\pc_monitor_app\main.py", line 336, in stream_loop
    if os.path.exists(drive_path):
       ^^
NameError: name 'os' is not defined. Did you forget to import 'os'?

[METRICS ERR] 1785736114: Traceback (most recent call last):
  File "D:\Projects_2026\ESP32_CYD_Smart_Desk_Dashboard\pc_utility\pc_monitor_app\main.py", line 336, in stream_loop
    if os.path.exists(drive_path):
       ^^
NameError: name 'os' is not defined. Did you forget to import 'os'?

[METRICS ERR] 1785736116: Traceback (most recent call last):
  File "D:\Projects_2026\ESP32_CYD_Smart_Desk_Dashboard\pc_utility\pc_monitor_app\main.py", line 336, in stream_loop
    if os.path.exists(drive_path):
       ^^
NameError: name 'os' is not defined. Did you forget to import 'os'?

[METRICS ERR] 1785736118: Traceback (most recent call last):
  File "D:\Projects_2026\ESP32_CYD_Smart_Desk_Dashboard\pc_utility\pc_monitor_app\main.py", line 336, in stream_loop
    if os.path.exists(drive_path):
       ^^
NameError: name 'os' is not defined. Did you forget to import 'os'?

[METRICS ERR] 1785736120: Traceback (most recent call last):
  File "D:\Projects_2026\ESP32_CYD_Smart_Desk_Dashboard\pc_utility\pc_monitor_app\main.py", line 336, in stream_loop
    if os.path.exists(drive_path):
       ^^
NameError: name 'os' is not defined. Did you forget to import 'os'?

[METRICS ERR] 1785736122: Traceback (most recent call last):
  File "D:\Projects_2026\ESP32_CYD_Smart_Desk_Dashboard\pc_utility\pc_monitor_app\main.py", line 336, in stream_loop
    if os.path.exists(drive_path):
       ^^
NameError: name 'os' is not defined. Did you forget to import 'os'?

[METRICS ERR] 1785736124: Traceback (most recent call last):
  File "D:\Projects_2026\ESP32_CYD_Smart_Desk_Dashboard\pc_utility\pc_monitor_app\main.py", line 336, in stream_loop
    if os.path.exists(drive_path):
       ^^
NameError: name 'os' is not defined. Did you forget to import 'os'?

[METRICS ERR] 1785736126: Traceback (most recent call last):
  File "D:\Projects_2026\ESP32_CYD_Smart_Desk_Dashboard\pc_utility\pc_monitor_app\main.py", line 336, in stream_loop
    if os.path.exists(drive_path):
       ^^
NameError: name 'os' is not defined. Did you forget to import 'os'?

[METRICS ERR] 1785736128: Traceback (most recent call last):
  File "D:\Projects_2026\ESP32_CYD_Smart_Desk_Dashboard\pc_utility\pc_monitor_app\main.py", line 336, in stream_loop
    if os.path.exists(drive_path):
       ^^
NameError: name 'os' is not defined. Did you forget to import 'os'?

[METRICS ERR] 1785736130: Traceback (most recent call last):
  File "D:\Projects_2026\ESP32_CYD_Smart_Desk_Dashboard\pc_utility\pc_monitor_app\main.py", line 336, in stream_loop
    if os.path.exists(drive_path):
       ^^
NameError: name 'os' is not defined. Did you forget to import 'os'?

[METRICS ERR] 1785736132: Traceback (most recent call last):
  File "D:\Projects_2026\ESP32_CYD_Smart_Desk_Dashboard\pc_utility\pc_monitor_app\main.py", line 336, in stream_loop
    if os.path.exists(drive_path):
       ^^
NameError: name 'os' is not defined. Did you forget to import 'os'?

[METRICS ERR] 1785736134: Traceback (most recent call last):
  File "D:\Projects_2026\ESP32_CYD_Smart_Desk_Dashboard\pc_utility\pc_monitor_app\main.py", line 336, in stream_loop
    if os.path.exists(drive_path):
       ^^
NameError: name 'os' is not defined. Did you forget to import 'os'?

[METRICS ERR] 1785736136: Traceback (most recent call last):
  File "D:\Projects_2026\ESP32_CYD_Smart_Desk_Dashboard\pc_utility\pc_monitor_app\main.py", line 336, in stream_loop
    if os.path.exists(drive_path):
       ^^
NameError: name 'os' is not defined. Did you forget to import 'os'?

[METRICS ERR] 1785736138: Traceback (most recent call last):
  File "D:\Projects_2026\ESP32_CYD_Smart_Desk_Dashboard\pc_utility\pc_monitor_app\main.py", line 336, in stream_loop
    if os.path.exists(drive_path):
       ^^
NameError: name 'os' is not defined. Did you forget to import 'os'?

[METRICS ERR] 1785736140: Traceback (most recent call last):
  File "D:\Projects_2026\ESP32_CYD_Smart_Desk_Dashboard\pc_utility\pc_monitor_app\main.py", line 336, in stream_loop
    if os.path.exists(drive_path):
       ^^
NameError: name 'os' is not defined. Did you forget to import 'os'?

[METRICS ERR] 1785736142: Traceback (most recent call last):
  File "D:\Projects_2026\ESP32_CYD_Smart_Desk_Dashboard\pc_utility\pc_monitor_app\main.py", line 336, in stream_loop
    if os.path.exists(drive_path):
       ^^
NameError: name 'os' is not defined. Did you forget to import 'os'?

[METRICS ERR] 1785736144: Traceback (most recent call last):
  File "D:\Projects_2026\ESP32_CYD_Smart_Desk_Dashboard\pc_utility\pc_monitor_app\main.py", line 336, in stream_loop
    if os.path.exists(drive_path):
       ^^
NameError: name 'os' is not defined. Did you forget to import 'os'?

[METRICS ERR] 1785736146: Traceback (most recent call last):
  File "D:\Projects_2026\ESP32_CYD_Smart_Desk_Dashboard\pc_utility\pc_monitor_app\main.py", line 336, in stream_loop
    if os.path.exists(drive_path):
       ^^
NameError: name 'os' is not defined. Did you forget to import 'os'?

[METRICS ERR] 1785736148: Traceback (most recent call last):
  File "D:\Projects_2026\ESP32_CYD_Smart_Desk_Dashboard\pc_utility\pc_monitor_app\main.py", line 336, in stream_loop
    if os.path.exists(drive_path):
       ^^
NameError: name 'os' is not defined. Did you forget to import 'os'?

[METRICS ERR] 1785736150: Traceback (most recent call last):
  File "D:\Projects_2026\ESP32_CYD_Smart_Desk_Dashboard\pc_utility\pc_monitor_app\main.py", line 336, in stream_loop
    if os.path.exists(drive_path):
       ^^
NameError: name 'os' is not defined. Did you forget to import 'os'?

[METRICS ERR] 1785736152: Traceback (most recent call last):
  File "D:\Projects_2026\ESP32_CYD_Smart_Desk_Dashboard\pc_utility\pc_monitor_app\main.py", line 336, in stream_loop
    if os.path.exists(drive_path):
       ^^
NameError: name 'os' is not defined. Did you forget to import 'os'?

[METRICS ERR] 1785736154: Traceback (most recent call last):
  File "D:\Projects_2026\ESP32_CYD_Smart_Desk_Dashboard\pc_utility\pc_monitor_app\main.py", line 336, in stream_loop
    if os.path.exists(drive_path):
       ^^
NameError: name 'os' is not defined. Did you forget to import 'os'?

[METRICS ERR] 1785736156: Traceback (most recent call last):
  File "D:\Projects_2026\ESP32_CYD_Smart_Desk_Dashboard\pc_utility\pc_monitor_app\main.py", line 336, in stream_loop
    if os.path.exists(drive_path):
       ^^
NameError: name 'os' is not defined. Did you forget to import 'os'?

[METRICS ERR] 1785736158: Traceback (most recent call last):
  File "D:\Projects_2026\ESP32_CYD_Smart_Desk_Dashboard\pc_utility\pc_monitor_app\main.py", line 336, in stream_loop
    if os.path.exists(drive_path):
       ^^
NameError: name 'os' is not defined. Did you forget to import 'os'?

[METRICS ERR] 1785736160: Traceback (most recent call last):
  File "D:\Projects_2026\ESP32_CYD_Smart_Desk_Dashboard\pc_utility\pc_monitor_app\main.py", line 336, in stream_loop
    if os.path.exists(drive_path):
       ^^
NameError: name 'os' is not defined. Did you forget to import 'os'?

[METRICS ERR] 1785736163: Traceback (most recent call last):
  File "D:\Projects_2026\ESP32_CYD_Smart_Desk_Dashboard\pc_utility\pc_monitor_app\main.py", line 336, in stream_loop
    if os.path.exists(drive_path):
       ^^
NameError: name 'os' is not defined. Did you forget to import 'os'?

[METRICS ERR] 1785736165: Traceback (most recent call last):
  File "D:\Projects_2026\ESP32_CYD_Smart_Desk_Dashboard\pc_utility\pc_monitor_app\main.py", line 336, in stream_loop
    if os.path.exists(drive_path):
       ^^
NameError: name 'os' is not defined. Did you forget to import 'os'?

[METRICS ERR] 1785736167: Traceback (most recent call last):
  File "D:\Projects_2026\ESP32_CYD_Smart_Desk_Dashboard\pc_utility\pc_monitor_app\main.py", line 336, in stream_loop
    if os.path.exists(drive_path):
       ^^
NameError: name 'os' is not defined. Did you forget to import 'os'?

[METRICS ERR] 1785736169: Traceback (most recent call last):
  File "D:\Projects_2026\ESP32_CYD_Smart_Desk_Dashboard\pc_utility\pc_monitor_app\main.py", line 336, in stream_loop
    if os.path.exists(drive_path):
       ^^
NameError: name 'os' is not defined. Did you forget to import 'os'?

[METRICS ERR] 1785736171: Traceback (most recent call last):
  File "D:\Projects_2026\ESP32_CYD_Smart_Desk_Dashboard\pc_utility\pc_monitor_app\main.py", line 336, in stream_loop
    if os.path.exists(drive_path):
       ^^
NameError: name 'os' is not defined. Did you forget to import 'os'?

[METRICS ERR] 1785736173: Traceback (most recent call last):
  File "D:\Projects_2026\ESP32_CYD_Smart_Desk_Dashboard\pc_utility\pc_monitor_app\main.py", line 336, in stream_loop
    if os.path.exists(drive_path):
       ^^
NameError: name 'os' is not defined. Did you forget to import 'os'?

[METRICS ERR] 1785736175: Traceback (most recent call last):
  File "D:\Projects_2026\ESP32_CYD_Smart_Desk_Dashboard\pc_utility\pc_monitor_app\main.py", line 336, in stream_loop
    if os.path.exists(drive_path):
       ^^
NameError: name 'os' is not defined. Did you forget to import 'os'?

[METRICS ERR] 1785736177: Traceback (most recent call last):
  File "D:\Projects_2026\ESP32_CYD_Smart_Desk_Dashboard\pc_utility\pc_monitor_app\main.py", line 336, in stream_loop
    if os.path.exists(drive_path):
       ^^
NameError: name 'os' is not defined. Did you forget to import 'os'?

[METRICS ERR] 1785736179: Traceback (most recent call last):
  File "D:\Projects_2026\ESP32_CYD_Smart_Desk_Dashboard\pc_utility\pc_monitor_app\main.py", line 336, in stream_loop
    if os.path.exists(drive_path):
       ^^
NameError: name 'os' is not defined. Did you forget to import 'os'?

[METRICS ERR] 1785736181: Traceback (most recent call last):
  File "D:\Projects_2026\ESP32_CYD_Smart_Desk_Dashboard\pc_utility\pc_monitor_app\main.py", line 336, in stream_loop
    if os.path.exists(drive_path):
       ^^
NameError: name 'os' is not defined. Did you forget to import 'os'?

[METRICS ERR] 1785736183: Traceback (most recent call last):
  File "D:\Projects_2026\ESP32_CYD_Smart_Desk_Dashboard\pc_utility\pc_monitor_app\main.py", line 336, in stream_loop
    if os.path.exists(drive_path):
       ^^
NameError: name 'os' is not defined. Did you forget to import 'os'?

[METRICS ERR] 1785736185: Traceback (most recent call last):
  File "D:\Projects_2026\ESP32_CYD_Smart_Desk_Dashboard\pc_utility\pc_monitor_app\main.py", line 336, in stream_loop
    if os.path.exists(drive_path):
       ^^
NameError: name 'os' is not defined. Did you forget to import 'os'?

[METRICS ERR] 1785736187: Traceback (most recent call last):
  File "D:\Projects_2026\ESP32_CYD_Smart_Desk_Dashboard\pc_utility\pc_monitor_app\main.py", line 336, in stream_loop
    if os.path.exists(drive_path):
       ^^
NameError: name 'os' is not defined. Did you forget to import 'os'?

[METRICS ERR] 1785736189: Traceback (most recent call last):
  File "D:\Projects_2026\ESP32_CYD_Smart_Desk_Dashboard\pc_utility\pc_monitor_app\main.py", line 336, in stream_loop
    if os.path.exists(drive_path):
       ^^
NameError: name 'os' is not defined. Did you forget to import 'os'?

[METRICS ERR] 1785736191: Traceback (most recent call last):
  File "D:\Projects_2026\ESP32_CYD_Smart_Desk_Dashboard\pc_utility\pc_monitor_app\main.py", line 336, in stream_loop
    if os.path.exists(drive_path):
       ^^
NameError: name 'os' is not defined. Did you forget to import 'os'?

[METRICS ERR] 1785736193: Traceback (most recent call last):
  File "D:\Projects_2026\ESP32_CYD_Smart_Desk_Dashboard\pc_utility\pc_monitor_app\main.py", line 336, in stream_loop
    if os.path.exists(drive_path):
       ^^
NameError: name 'os' is not defined. Did you forget to import 'os'?

[METRICS ERR] 1785736195: Traceback (most recent call last):
  File "D:\Projects_2026\ESP32_CYD_Smart_Desk_Dashboard\pc_utility\pc_monitor_app\main.py", line 336, in stream_loop
    if os.path.exists(drive_path):
       ^^
NameError: name 'os' is not defined. Did you forget to import 'os'?

[METRICS ERR] 1785736197: Traceback (most recent call last):
  File "D:\Projects_2026\ESP32_CYD_Smart_Desk_Dashboard\pc_utility\pc_monitor_app\main.py", line 336, in stream_loop
    if os.path.exists(drive_path):
       ^^
NameError: name 'os' is not defined. Did you forget to import 'os'?

[METRICS ERR] 1785736199: Traceback (most recent call last):
  File "D:\Projects_2026\ESP32_CYD_Smart_Desk_Dashboard\pc_utility\pc_monitor_app\main.py", line 336, in stream_loop
    if os.path.exists(drive_path):
       ^^
NameError: name 'os' is not defined. Did you forget to import 'os'?

[METRICS ERR] 1785736201: Traceback (most recent call last):
  File "D:\Projects_2026\ESP32_CYD_Smart_Desk_Dashboard\pc_utility\pc_monitor_app\main.py", line 336, in stream_loop
    if os.path.exists(drive_path):
       ^^
NameError: name 'os' is not defined. Did you forget to import 'os'?

[METRICS ERR] 1785736203: Traceback (most recent call last):
  File "D:\Projects_2026\ESP32_CYD_Smart_Desk_Dashboard\pc_utility\pc_monitor_app\main.py", line 336, in stream_loop
    if os.path.exists(drive_path):
       ^^
NameError: name 'os' is not defined. Did you forget to import 'os'?

[METRICS ERR] 1785736205: Traceback (most recent call last):
  File "D:\Projects_2026\ESP32_CYD_Smart_Desk_Dashboard\pc_utility\pc_monitor_app\main.py", line 336, in stream_loop
    if os.path.exists(drive_path):
       ^^
NameError: name 'os' is not defined. Did you forget to import 'os'?

[METRICS ERR] 1785736207: Traceback (most recent call last):
  File "D:\Projects_2026\ESP32_CYD_Smart_Desk_Dashboard\pc_utility\pc_monitor_app\main.py", line 336, in stream_loop
    if os.path.exists(drive_path):
       ^^
NameError: name 'os' is not defined. Did you forget to import 'os'?

[METRICS ERR] 1785736209: Traceback (most recent call last):
  File "D:\Projects_2026\ESP32_CYD_Smart_Desk_Dashboard\pc_utility\pc_monitor_app\main.py", line 336, in stream_loop
    if os.path.exists(drive_path):
       ^^
NameError: name 'os' is not defined. Did you forget to import 'os'?

[METRICS ERR] 1785736211: Traceback (most recent call last):
  File "D:\Projects_2026\ESP32_CYD_Smart_Desk_Dashboard\pc_utility\pc_monitor_app\main.py", line 336, in stream_loop
    if os.path.exists(drive_path):
       ^^
NameError: name 'os' is not defined. Did you forget to import 'os'?

[METRICS ERR] 1785736213: Traceback (most recent call last):
  File "D:\Projects_2026\ESP32_CYD_Smart_Desk_Dashboard\pc_utility\pc_monitor_app\main.py", line 336, in stream_loop
    if os.path.exists(drive_path):
       ^^
NameError: name 'os' is not defined. Did you forget to import 'os'?

[METRICS ERR] 1785736215: Traceback (most recent call last):
  File "D:\Projects_2026\ESP32_CYD_Smart_Desk_Dashboard\pc_utility\pc_monitor_app\main.py", line 336, in stream_loop
    if os.path.exists(drive_path):
       ^^
NameError: name 'os' is not defined. Did you forget to import 'os'?

[METRICS ERR] 1785736217: Traceback (most recent call last):
  File "D:\Projects_2026\ESP32_CYD_Smart_Desk_Dashboard\pc_utility\pc_monitor_app\main.py", line 336, in stream_loop
    if os.path.exists(drive_path):
       ^^
NameError: name 'os' is not defined. Did you forget to import 'os'?

[METRICS ERR] 1785736219: Traceback (most recent call last):
  File "D:\Projects_2026\ESP32_CYD_Smart_Desk_Dashboard\pc_utility\pc_monitor_app\main.py", line 336, in stream_loop
    if os.path.exists(drive_path):
       ^^
NameError: name 'os' is not defined. Did you forget to import 'os'?

[METRICS ERR] 1785736221: Traceback (most recent call last):
  File "D:\Projects_2026\ESP32_CYD_Smart_Desk_Dashboard\pc_utility\pc_monitor_app\main.py", line 336, in stream_loop
    if os.path.exists(drive_path):
       ^^
NameError: name 'os' is not defined. Did you forget to import 'os'?

[METRICS ERR] 1785736223: Traceback (most recent call last):
  File "D:\Projects_2026\ESP32_CYD_Smart_Desk_Dashboard\pc_utility\pc_monitor_app\main.py", line 336, in stream_loop
    if os.path.exists(drive_path):
       ^^
NameError: name 'os' is not defined. Did you forget to import 'os'?

[METRICS ERR] 1785736225: Traceback (most recent call last):
  File "D:\Projects_2026\ESP32_CYD_Smart_Desk_Dashboard\pc_utility\pc_monitor_app\main.py", line 336, in stream_loop
    if os.path.exists(drive_path):
       ^^
NameError: name 'os' is not defined. Did you forget to import 'os'?

[METRICS ERR] 1785736227: Traceback (most recent call last):
  File "D:\Projects_2026\ESP32_CYD_Smart_Desk_Dashboard\pc_utility\pc_monitor_app\main.py", line 336, in stream_loop
    if os.path.exists(drive_path):
       ^^
NameError: name 'os' is not defined. Did you forget to import 'os'?

[METRICS ERR] 1785736229: Traceback (most recent call last):
  File "D:\Projects_2026\ESP32_CYD_Smart_Desk_Dashboard\pc_utility\pc_monitor_app\main.py", line 336, in stream_loop
    if os.path.exists(drive_path):
       ^^
NameError: name 'os' is not defined. Did you forget to import 'os'?

[METRICS ERR] 1785736231: Traceback (most recent call last):
  File "D:\Projects_2026\ESP32_CYD_Smart_Desk_Dashboard\pc_utility\pc_monitor_app\main.py", line 336, in stream_loop
    if os.path.exists(drive_path):
       ^^
NameError: name 'os' is not defined. Did you forget to import 'os'?

[METRICS ERR] 1785736233: Traceback (most recent call last):
  File "D:\Projects_2026\ESP32_CYD_Smart_Desk_Dashboard\pc_utility\pc_monitor_app\main.py", line 336, in stream_loop
    if os.path.exists(drive_path):
       ^^
NameError: name 'os' is not defined. Did you forget to import 'os'?

[METRICS ERR] 1785736235: Traceback (most recent call last):
  File "D:\Projects_2026\ESP32_CYD_Smart_Desk_Dashboard\pc_utility\pc_monitor_app\main.py", line 336, in stream_loop
    if os.path.exists(drive_path):
       ^^
NameError: name 'os' is not defined. Did you forget to import 'os'?

[METRICS ERR] 1785736237: Traceback (most recent call last):
  File "D:\Projects_2026\ESP32_CYD_Smart_Desk_Dashboard\pc_utility\pc_monitor_app\main.py", line 336, in stream_loop
    if os.path.exists(drive_path):
       ^^
NameError: name 'os' is not defined. Did you forget to import 'os'?

[METRICS ERR] 1785736239: Traceback (most recent call last):
  File "D:\Projects_2026\ESP32_CYD_Smart_Desk_Dashboard\pc_utility\pc_monitor_app\main.py", line 336, in stream_loop
    if os.path.exists(drive_path):
       ^^
NameError: name 'os' is not defined. Did you forget to import 'os'?

[METRICS ERR] 1785736241: Traceback (most recent call last):
  File "D:\Projects_2026\ESP32_CYD_Smart_Desk_Dashboard\pc_utility\pc_monitor_app\main.py", line 336, in stream_loop
    if os.path.exists(drive_path):
       ^^
NameError: name 'os' is not defined. Did you forget to import 'os'?

[METRICS ERR] 1785736243: Traceback (most recent call last):
  File "D:\Projects_2026\ESP32_CYD_Smart_Desk_Dashboard\pc_utility\pc_monitor_app\main.py", line 336, in stream_loop
    if os.path.exists(drive_path):
       ^^
NameError: name 'os' is not defined. Did you forget to import 'os'?

[METRICS ERR] 1785736245: Traceback (most recent call last):
  File "D:\Projects_2026\ESP32_CYD_Smart_Desk_Dashboard\pc_utility\pc_monitor_app\main.py", line 336, in stream_loop
    if os.path.exists(drive_path):
       ^^
NameError: name 'os' is not defined. Did you forget to import 'os'?

[METRICS ERR] 1785736247: Traceback (most recent call last):
  File "D:\Projects_2026\ESP32_CYD_Smart_Desk_Dashboard\pc_utility\pc_monitor_app\main.py", line 336, in stream_loop
    if os.path.exists(drive_path):
       ^^
NameError: name 'os' is not defined. Did you forget to import 'os'?

[METRICS ERR] 1785736249: Traceback (most recent call last):
  File "D:\Projects_2026\ESP32_CYD_Smart_Desk_Dashboard\pc_utility\pc_monitor_app\main.py", line 336, in stream_loop
    if os.path.exists(drive_path):
       ^^
NameError: name 'os' is not defined. Did you forget to import 'os'?

[METRICS ERR] 1785736251: Traceback (most recent call last):
  File "D:\Projects_2026\ESP32_CYD_Smart_Desk_Dashboard\pc_utility\pc_monitor_app\main.py", line 336, in stream_loop
    if os.path.exists(drive_path):
       ^^
NameError: name 'os' is not defined. Did you forget to import 'os'?

[METRICS ERR] 1785736253: Traceback (most recent call last):
  File "D:\Projects_2026\ESP32_CYD_Smart_Desk_Dashboard\pc_utility\pc_monitor_app\main.py", line 336, in stream_loop
    if os.path.exists(drive_path):
       ^^
NameError: name 'os' is not defined. Did you forget to import 'os'?

[METRICS ERR] 1785736255: Traceback (most recent call last):
  File "D:\Projects_2026\ESP32_CYD_Smart_Desk_Dashboard\pc_utility\pc_monitor_app\main.py", line 336, in stream_loop
    if os.path.exists(drive_path):
       ^^
NameError: name 'os' is not defined. Did you forget to import 'os'?

[METRICS ERR] 1785736257: Traceback (most recent call last):
  File "D:\Projects_2026\ESP32_CYD_Smart_Desk_Dashboard\pc_utility\pc_monitor_app\main.py", line 336, in stream_loop
    if os.path.exists(drive_path):
       ^^
NameError: name 'os' is not defined. Did you forget to import 'os'?

[METRICS ERR] 1785736259: Traceback (most recent call last):
  File "D:\Projects_2026\ESP32_CYD_Smart_Desk_Dashboard\pc_utility\pc_monitor_app\main.py", line 336, in stream_loop
    if os.path.exists(drive_path):
       ^^
NameError: name 'os' is not defined. Did you forget to import 'os'?

[METRICS ERR] 1785736261: Traceback (most recent call last):
  File "D:\Projects_2026\ESP32_CYD_Smart_Desk_Dashboard\pc_utility\pc_monitor_app\main.py", line 336, in stream_loop
    if os.path.exists(drive_path):
       ^^
NameError: name 'os' is not defined. Did you forget to import 'os'?

[METRICS ERR] 1785736263: Traceback (most recent call last):
  File "D:\Projects_2026\ESP32_CYD_Smart_Desk_Dashboard\pc_utility\pc_monitor_app\main.py", line 336, in stream_loop
    if os.path.exists(drive_path):
       ^^
NameError: name 'os' is not defined. Did you forget to import 'os'?

[METRICS ERR] 1785736265: Traceback (most recent call last):
  File "D:\Projects_2026\ESP32_CYD_Smart_Desk_Dashboard\pc_utility\pc_monitor_app\main.py", line 336, in stream_loop
    if os.path.exists(drive_path):
       ^^
NameError: name 'os' is not defined. Did you forget to import 'os'?

[METRICS ERR] 1785736267: Traceback (most recent call last):
  File "D:\Projects_2026\ESP32_CYD_Smart_Desk_Dashboard\pc_utility\pc_monitor_app\main.py", line 336, in stream_loop
    if os.path.exists(drive_path):
       ^^
NameError: name 'os' is not defined. Did you forget to import 'os'?

[METRICS ERR] 1785736269: Traceback (most recent call last):
  File "D:\Projects_2026\ESP32_CYD_Smart_Desk_Dashboard\pc_utility\pc_monitor_app\main.py", line 336, in stream_loop
    if os.path.exists(drive_path):
       ^^
NameError: name 'os' is not defined. Did you forget to import 'os'?

[METRICS ERR] 1785736271: Traceback (most recent call last):
  File "D:\Projects_2026\ESP32_CYD_Smart_Desk_Dashboard\pc_utility\pc_monitor_app\main.py", line 336, in stream_loop
    if os.path.exists(drive_path):
       ^^
NameError: name 'os' is not defined. Did you forget to import 'os'?

[METRICS ERR] 1785736273: Traceback (most recent call last):
  File "D:\Projects_2026\ESP32_CYD_Smart_Desk_Dashboard\pc_utility\pc_monitor_app\main.py", line 336, in stream_loop
    if os.path.exists(drive_path):
       ^^
NameError: name 'os' is not defined. Did you forget to import 'os'?

[METRICS ERR] 1785736275: Traceback (most recent call last):
  File "D:\Projects_2026\ESP32_CYD_Smart_Desk_Dashboard\pc_utility\pc_monitor_app\main.py", line 336, in stream_loop
    if os.path.exists(drive_path):
       ^^
NameError: name 'os' is not defined. Did you forget to import 'os'?

[METRICS ERR] 1785736277: Traceback (most recent call last):
  File "D:\Projects_2026\ESP32_CYD_Smart_Desk_Dashboard\pc_utility\pc_monitor_app\main.py", line 336, in stream_loop
    if os.path.exists(drive_path):
       ^^
NameError: name 'os' is not defined. Did you forget to import 'os'?

[METRICS ERR] 1785736279: Traceback (most recent call last):
  File "D:\Projects_2026\ESP32_CYD_Smart_Desk_Dashboard\pc_utility\pc_monitor_app\main.py", line 336, in stream_loop
    if os.path.exists(drive_path):
       ^^
NameError: name 'os' is not defined. Did you forget to import 'os'?

[METRICS ERR] 1785736281: Traceback (most recent call last):
  File "D:\Projects_2026\ESP32_CYD_Smart_Desk_Dashboard\pc_utility\pc_monitor_app\main.py", line 336, in stream_loop
    if os.path.exists(drive_path):
       ^^
NameError: name 'os' is not defined. Did you forget to import 'os'?

[METRICS ERR] 1785736283: Traceback (most recent call last):
  File "D:\Projects_2026\ESP32_CYD_Smart_Desk_Dashboard\pc_utility\pc_monitor_app\main.py", line 336, in stream_loop
    if os.path.exists(drive_path):
       ^^
NameError: name 'os' is not defined. Did you forget to import 'os'?

[METRICS ERR] 1785736285: Traceback (most recent call last):
  File "D:\Projects_2026\ESP32_CYD_Smart_Desk_Dashboard\pc_utility\pc_monitor_app\main.py", line 336, in stream_loop
    if os.path.exists(drive_path):
       ^^
NameError: name 'os' is not defined. Did you forget to import 'os'?

[METRICS ERR] 1785736287: Traceback (most recent call last):
  File "D:\Projects_2026\ESP32_CYD_Smart_Desk_Dashboard\pc_utility\pc_monitor_app\main.py", line 336, in stream_loop
    if os.path.exists(drive_path):
       ^^
NameError: name 'os' is not defined. Did you forget to import 'os'?

[METRICS ERR] 1785736290: Traceback (most recent call last):
  File "D:\Projects_2026\ESP32_CYD_Smart_Desk_Dashboard\pc_utility\pc_monitor_app\main.py", line 336, in stream_loop
    if os.path.exists(drive_path):
       ^^
NameError: name 'os' is not defined. Did you forget to import 'os'?

[METRICS ERR] 1785736292: Traceback (most recent call last):
  File "D:\Projects_2026\ESP32_CYD_Smart_Desk_Dashboard\pc_utility\pc_monitor_app\main.py", line 336, in stream_loop
    if os.path.exists(drive_path):
       ^^
NameError: name 'os' is not defined. Did you forget to import 'os'?

[METRICS ERR] 1785736294: Traceback (most recent call last):
  File "D:\Projects_2026\ESP32_CYD_Smart_Desk_Dashboard\pc_utility\pc_monitor_app\main.py", line 336, in stream_loop
    if os.path.exists(drive_path):
       ^^
NameError: name 'os' is not defined. Did you forget to import 'os'?

[METRICS ERR] 1785736296: Traceback (most recent call last):
  File "D:\Projects_2026\ESP32_CYD_Smart_Desk_Dashboard\pc_utility\pc_monitor_app\main.py", line 336, in stream_loop
    if os.path.exists(drive_path):
       ^^
NameError: name 'os' is not defined. Did you forget to import 'os'?

[METRICS ERR] 1785736298: Traceback (most recent call last):
  File "D:\Projects_2026\ESP32_CYD_Smart_Desk_Dashboard\pc_utility\pc_monitor_app\main.py", line 336, in stream_loop
    if os.path.exists(drive_path):
       ^^
NameError: name 'os' is not defined. Did you forget to import 'os'?

[METRICS ERR] 1785736300: Traceback (most recent call last):
  File "D:\Projects_2026\ESP32_CYD_Smart_Desk_Dashboard\pc_utility\pc_monitor_app\main.py", line 336, in stream_loop
    if os.path.exists(drive_path):
       ^^
NameError: name 'os' is not defined. Did you forget to import 'os'?

[METRICS ERR] 1785736302: Traceback (most recent call last):
  File "D:\Projects_2026\ESP32_CYD_Smart_Desk_Dashboard\pc_utility\pc_monitor_app\main.py", line 336, in stream_loop
    if os.path.exists(drive_path):
       ^^
NameError: name 'os' is not defined. Did you forget to import 'os'?

[METRICS ERR] 1785736304: Traceback (most recent call last):
  File "D:\Projects_2026\ESP32_CYD_Smart_Desk_Dashboard\pc_utility\pc_monitor_app\main.py", line 336, in stream_loop
    if os.path.exists(drive_path):
       ^^
NameError: name 'os' is not defined. Did you forget to import 'os'?

[METRICS ERR] 1785736306: Traceback (most recent call last):
  File "D:\Projects_2026\ESP32_CYD_Smart_Desk_Dashboard\pc_utility\pc_monitor_app\main.py", line 336, in stream_loop
    if os.path.exists(drive_path):
       ^^
NameError: name 'os' is not defined. Did you forget to import 'os'?

[METRICS ERR] 1785736308: Traceback (most recent call last):
  File "D:\Projects_2026\ESP32_CYD_Smart_Desk_Dashboard\pc_utility\pc_monitor_app\main.py", line 336, in stream_loop
    if os.path.exists(drive_path):
       ^^
NameError: name 'os' is not defined. Did you forget to import 'os'?

[METRICS ERR] 1785736310: Traceback (most recent call last):
  File "D:\Projects_2026\ESP32_CYD_Smart_Desk_Dashboard\pc_utility\pc_monitor_app\main.py", line 336, in stream_loop
    if os.path.exists(drive_path):
       ^^
NameError: name 'os' is not defined. Did you forget to import 'os'?

[METRICS ERR] 1785736312: Traceback (most recent call last):
  File "D:\Projects_2026\ESP32_CYD_Smart_Desk_Dashboard\pc_utility\pc_monitor_app\main.py", line 336, in stream_loop
    if os.path.exists(drive_path):
       ^^
NameError: name 'os' is not defined. Did you forget to import 'os'?

[METRICS ERR] 1785736314: Traceback (most recent call last):
  File "D:\Projects_2026\ESP32_CYD_Smart_Desk_Dashboard\pc_utility\pc_monitor_app\main.py", line 336, in stream_loop
    if os.path.exists(drive_path):
       ^^
NameError: name 'os' is not defined. Did you forget to import 'os'?

[METRICS ERR] 1785736316: Traceback (most recent call last):
  File "D:\Projects_2026\ESP32_CYD_Smart_Desk_Dashboard\pc_utility\pc_monitor_app\main.py", line 336, in stream_loop
    if os.path.exists(drive_path):
       ^^
NameError: name 'os' is not defined. Did you forget to import 'os'?

[METRICS ERR] 1785736318: Traceback (most recent call last):
  File "D:\Projects_2026\ESP32_CYD_Smart_Desk_Dashboard\pc_utility\pc_monitor_app\main.py", line 336, in stream_loop
    if os.path.exists(drive_path):
       ^^
NameError: name 'os' is not defined. Did you forget to import 'os'?

[METRICS ERR] 1785736320: Traceback (most recent call last):
  File "D:\Projects_2026\ESP32_CYD_Smart_Desk_Dashboard\pc_utility\pc_monitor_app\main.py", line 336, in stream_loop
    if os.path.exists(drive_path):
       ^^
NameError: name 'os' is not defined. Did you forget to import 'os'?

[METRICS ERR] 1785736322: Traceback (most recent call last):
  File "D:\Projects_2026\ESP32_CYD_Smart_Desk_Dashboard\pc_utility\pc_monitor_app\main.py", line 336, in stream_loop
    if os.path.exists(drive_path):
       ^^
NameError: name 'os' is not defined. Did you forget to import 'os'?

[METRICS ERR] 1785736324: Traceback (most recent call last):
  File "D:\Projects_2026\ESP32_CYD_Smart_Desk_Dashboard\pc_utility\pc_monitor_app\main.py", line 336, in stream_loop
    if os.path.exists(drive_path):
       ^^
NameError: name 'os' is not defined. Did you forget to import 'os'?

[METRICS ERR] 1785736326: Traceback (most recent call last):
  File "D:\Projects_2026\ESP32_CYD_Smart_Desk_Dashboard\pc_utility\pc_monitor_app\main.py", line 336, in stream_loop
    if os.path.exists(drive_path):
       ^^
NameError: name 'os' is not defined. Did you forget to import 'os'?

[METRICS ERR] 1785736328: Traceback (most recent call last):
  File "D:\Projects_2026\ESP32_CYD_Smart_Desk_Dashboard\pc_utility\pc_monitor_app\main.py", line 336, in stream_loop
    if os.path.exists(drive_path):
       ^^
NameError: name 'os' is not defined. Did you forget to import 'os'?

[METRICS ERR] 1785736330: Traceback (most recent call last):
  File "D:\Projects_2026\ESP32_CYD_Smart_Desk_Dashboard\pc_utility\pc_monitor_app\main.py", line 336, in stream_loop
    if os.path.exists(drive_path):
       ^^
NameError: name 'os' is not defined. Did you forget to import 'os'?

[METRICS ERR] 1785736332: Traceback (most recent call last):
  File "D:\Projects_2026\ESP32_CYD_Smart_Desk_Dashboard\pc_utility\pc_monitor_app\main.py", line 336, in stream_loop
    if os.path.exists(drive_path):
       ^^
NameError: name 'os' is not defined. Did you forget to import 'os'?

[METRICS ERR] 1785736334: Traceback (most recent call last):
  File "D:\Projects_2026\ESP32_CYD_Smart_Desk_Dashboard\pc_utility\pc_monitor_app\main.py", line 336, in stream_loop
    if os.path.exists(drive_path):
       ^^
NameError: name 'os' is not defined. Did you forget to import 'os'?

[METRICS ERR] 1785736336: Traceback (most recent call last):
  File "D:\Projects_2026\ESP32_CYD_Smart_Desk_Dashboard\pc_utility\pc_monitor_app\main.py", line 336, in stream_loop
    if os.path.exists(drive_path):
       ^^
NameError: name 'os' is not defined. Did you forget to import 'os'?

[METRICS ERR] 1785736338: Traceback (most recent call last):
  File "D:\Projects_2026\ESP32_CYD_Smart_Desk_Dashboard\pc_utility\pc_monitor_app\main.py", line 336, in stream_loop
    if os.path.exists(drive_path):
       ^^
NameError: name 'os' is not defined. Did you forget to import 'os'?

[METRICS ERR] 1785736340: Traceback (most recent call last):
  File "D:\Projects_2026\ESP32_CYD_Smart_Desk_Dashboard\pc_utility\pc_monitor_app\main.py", line 336, in stream_loop
    if os.path.exists(drive_path):
       ^^
NameError: name 'os' is not defined. Did you forget to import 'os'?

[METRICS ERR] 1785736342: Traceback (most recent call last):
  File "D:\Projects_2026\ESP32_CYD_Smart_Desk_Dashboard\pc_utility\pc_monitor_app\main.py", line 336, in stream_loop
    if os.path.exists(drive_path):
       ^^
NameError: name 'os' is not defined. Did you forget to import 'os'?

[METRICS ERR] 1785736344: Traceback (most recent call last):
  File "D:\Projects_2026\ESP32_CYD_Smart_Desk_Dashboard\pc_utility\pc_monitor_app\main.py", line 336, in stream_loop
    if os.path.exists(drive_path):
       ^^
NameError: name 'os' is not defined. Did you forget to import 'os'?

[METRICS ERR] 1785736346: Traceback (most recent call last):
  File "D:\Projects_2026\ESP32_CYD_Smart_Desk_Dashboard\pc_utility\pc_monitor_app\main.py", line 336, in stream_loop
    if os.path.exists(drive_path):
       ^^
NameError: name 'os' is not defined. Did you forget to import 'os'?

[METRICS ERR] 1785736348: Traceback (most recent call last):
  File "D:\Projects_2026\ESP32_CYD_Smart_Desk_Dashboard\pc_utility\pc_monitor_app\main.py", line 336, in stream_loop
    if os.path.exists(drive_path):
       ^^
NameError: name 'os' is not defined. Did you forget to import 'os'?

[METRICS ERR] 1785736350: Traceback (most recent call last):
  File "D:\Projects_2026\ESP32_CYD_Smart_Desk_Dashboard\pc_utility\pc_monitor_app\main.py", line 336, in stream_loop
    if os.path.exists(drive_path):
       ^^
NameError: name 'os' is not defined. Did you forget to import 'os'?

[METRICS ERR] 1785736352: Traceback (most recent call last):
  File "D:\Projects_2026\ESP32_CYD_Smart_Desk_Dashboard\pc_utility\pc_monitor_app\main.py", line 336, in stream_loop
    if os.path.exists(drive_path):
       ^^
NameError: name 'os' is not defined. Did you forget to import 'os'?

[METRICS ERR] 1785736354: Traceback (most recent call last):
  File "D:\Projects_2026\ESP32_CYD_Smart_Desk_Dashboard\pc_utility\pc_monitor_app\main.py", line 336, in stream_loop
    if os.path.exists(drive_path):
       ^^
NameError: name 'os' is not defined. Did you forget to import 'os'?

[METRICS ERR] 1785736356: Traceback (most recent call last):
  File "D:\Projects_2026\ESP32_CYD_Smart_Desk_Dashboard\pc_utility\pc_monitor_app\main.py", line 336, in stream_loop
    if os.path.exists(drive_path):
       ^^
NameError: name 'os' is not defined. Did you forget to import 'os'?

[METRICS ERR] 1785736358: Traceback (most recent call last):
  File "D:\Projects_2026\ESP32_CYD_Smart_Desk_Dashboard\pc_utility\pc_monitor_app\main.py", line 336, in stream_loop
    if os.path.exists(drive_path):
       ^^
NameError: name 'os' is not defined. Did you forget to import 'os'?

[METRICS ERR] 1785736360: Traceback (most recent call last):
  File "D:\Projects_2026\ESP32_CYD_Smart_Desk_Dashboard\pc_utility\pc_monitor_app\main.py", line 336, in stream_loop
    if os.path.exists(drive_path):
       ^^
NameError: name 'os' is not defined. Did you forget to import 'os'?

[METRICS ERR] 1785736362: Traceback (most recent call last):
  File "D:\Projects_2026\ESP32_CYD_Smart_Desk_Dashboard\pc_utility\pc_monitor_app\main.py", line 336, in stream_loop
    if os.path.exists(drive_path):
       ^^
NameError: name 'os' is not defined. Did you forget to import 'os'?

[METRICS ERR] 1785736364: Traceback (most recent call last):
  File "D:\Projects_2026\ESP32_CYD_Smart_Desk_Dashboard\pc_utility\pc_monitor_app\main.py", line 336, in stream_loop
    if os.path.exists(drive_path):
       ^^
NameError: name 'os' is not defined. Did you forget to import 'os'?

[METRICS ERR] 1785736366: Traceback (most recent call last):
  File "D:\Projects_2026\ESP32_CYD_Smart_Desk_Dashboard\pc_utility\pc_monitor_app\main.py", line 336, in stream_loop
    if os.path.exists(drive_path):
       ^^
NameError: name 'os' is not defined. Did you forget to import 'os'?

[METRICS ERR] 1785736368: Traceback (most recent call last):
  File "D:\Projects_2026\ESP32_CYD_Smart_Desk_Dashboard\pc_utility\pc_monitor_app\main.py", line 336, in stream_loop
    if os.path.exists(drive_path):
       ^^
NameError: name 'os' is not defined. Did you forget to import 'os'?

[METRICS ERR] 1785736370: Traceback (most recent call last):
  File "D:\Projects_2026\ESP32_CYD_Smart_Desk_Dashboard\pc_utility\pc_monitor_app\main.py", line 336, in stream_loop
    if os.path.exists(drive_path):
       ^^
NameError: name 'os' is not defined. Did you forget to import 'os'?

[METRICS ERR] 1785736372: Traceback (most recent call last):
  File "D:\Projects_2026\ESP32_CYD_Smart_Desk_Dashboard\pc_utility\pc_monitor_app\main.py", line 336, in stream_loop
    if os.path.exists(drive_path):
       ^^
NameError: name 'os' is not defined. Did you forget to import 'os'?

[METRICS ERR] 1785736374: Traceback (most recent call last):
  File "D:\Projects_2026\ESP32_CYD_Smart_Desk_Dashboard\pc_utility\pc_monitor_app\main.py", line 336, in stream_loop
    if os.path.exists(drive_path):
       ^^
NameError: name 'os' is not defined. Did you forget to import 'os'?

[METRICS ERR] 1785736376: Traceback (most recent call last):
  File "D:\Projects_2026\ESP32_CYD_Smart_Desk_Dashboard\pc_utility\pc_monitor_app\main.py", line 336, in stream_loop
    if os.path.exists(drive_path):
       ^^
NameError: name 'os' is not defined. Did you forget to import 'os'?

[METRICS ERR] 1785736378: Traceback (most recent call last):
  File "D:\Projects_2026\ESP32_CYD_Smart_Desk_Dashboard\pc_utility\pc_monitor_app\main.py", line 336, in stream_loop
    if os.path.exists(drive_path):
       ^^
NameError: name 'os' is not defined. Did you forget to import 'os'?

[METRICS ERR] 1785736380: Traceback (most recent call last):
  File "D:\Projects_2026\ESP32_CYD_Smart_Desk_Dashboard\pc_utility\pc_monitor_app\main.py", line 336, in stream_loop
    if os.path.exists(drive_path):
       ^^
NameError: name 'os' is not defined. Did you forget to import 'os'?

[METRICS ERR] 1785736382: Traceback (most recent call last):
  File "D:\Projects_2026\ESP32_CYD_Smart_Desk_Dashboard\pc_utility\pc_monitor_app\main.py", line 336, in stream_loop
    if os.path.exists(drive_path):
       ^^
NameError: name 'os' is not defined. Did you forget to import 'os'?

[METRICS ERR] 1785736384: Traceback (most recent call last):
  File "D:\Projects_2026\ESP32_CYD_Smart_Desk_Dashboard\pc_utility\pc_monitor_app\main.py", line 336, in stream_loop
    if os.path.exists(drive_path):
       ^^
NameError: name 'os' is not defined. Did you forget to import 'os'?

[METRICS ERR] 1785736386: Traceback (most recent call last):
  File "D:\Projects_2026\ESP32_CYD_Smart_Desk_Dashboard\pc_utility\pc_monitor_app\main.py", line 336, in stream_loop
    if os.path.exists(drive_path):
       ^^
NameError: name 'os' is not defined. Did you forget to import 'os'?

[METRICS ERR] 1785736388: Traceback (most recent call last):
  File "D:\Projects_2026\ESP32_CYD_Smart_Desk_Dashboard\pc_utility\pc_monitor_app\main.py", line 336, in stream_loop
    if os.path.exists(drive_path):
       ^^
NameError: name 'os' is not defined. Did you forget to import 'os'?

[METRICS ERR] 1785736390: Traceback (most recent call last):
  File "D:\Projects_2026\ESP32_CYD_Smart_Desk_Dashboard\pc_utility\pc_monitor_app\main.py", line 336, in stream_loop
    if os.path.exists(drive_path):
       ^^
NameError: name 'os' is not defined. Did you forget to import 'os'?

[METRICS ERR] 1785736392: Traceback (most recent call last):
  File "D:\Projects_2026\ESP32_CYD_Smart_Desk_Dashboard\pc_utility\pc_monitor_app\main.py", line 336, in stream_loop
    if os.path.exists(drive_path):
       ^^
NameError: name 'os' is not defined. Did you forget to import 'os'?

[METRICS ERR] 1785736394: Traceback (most recent call last):
  File "D:\Projects_2026\ESP32_CYD_Smart_Desk_Dashboard\pc_utility\pc_monitor_app\main.py", line 336, in stream_loop
    if os.path.exists(drive_path):
       ^^
NameError: name 'os' is not defined. Did you forget to import 'os'?

[METRICS ERR] 1785736396: Traceback (most recent call last):
  File "D:\Projects_2026\ESP32_CYD_Smart_Desk_Dashboard\pc_utility\pc_monitor_app\main.py", line 336, in stream_loop
    if os.path.exists(drive_path):
       ^^
NameError: name 'os' is not defined. Did you forget to import 'os'?

[METRICS ERR] 1785736398: Traceback (most recent call last):
  File "D:\Projects_2026\ESP32_CYD_Smart_Desk_Dashboard\pc_utility\pc_monitor_app\main.py", line 336, in stream_loop
    if os.path.exists(drive_path):
       ^^
NameError: name 'os' is not defined. Did you forget to import 'os'?

[METRICS ERR] 1785736400: Traceback (most recent call last):
  File "D:\Projects_2026\ESP32_CYD_Smart_Desk_Dashboard\pc_utility\pc_monitor_app\main.py", line 336, in stream_loop
    if os.path.exists(drive_path):
       ^^
NameError: name 'os' is not defined. Did you forget to import 'os'?

[METRICS ERR] 1785736402: Traceback (most recent call last):
  File "D:\Projects_2026\ESP32_CYD_Smart_Desk_Dashboard\pc_utility\pc_monitor_app\main.py", line 336, in stream_loop
    if os.path.exists(drive_path):
       ^^
NameError: name 'os' is not defined. Did you forget to import 'os'?

[METRICS ERR] 1785736404: Traceback (most recent call last):
  File "D:\Projects_2026\ESP32_CYD_Smart_Desk_Dashboard\pc_utility\pc_monitor_app\main.py", line 336, in stream_loop
    if os.path.exists(drive_path):
       ^^
NameError: name 'os' is not defined. Did you forget to import 'os'?

[METRICS ERR] 1785736406: Traceback (most recent call last):
  File "D:\Projects_2026\ESP32_CYD_Smart_Desk_Dashboard\pc_utility\pc_monitor_app\main.py", line 336, in stream_loop
    if os.path.exists(drive_path):
       ^^
NameError: name 'os' is not defined. Did you forget to import 'os'?

[METRICS ERR] 1785736408: Traceback (most recent call last):
  File "D:\Projects_2026\ESP32_CYD_Smart_Desk_Dashboard\pc_utility\pc_monitor_app\main.py", line 336, in stream_loop
    if os.path.exists(drive_path):
       ^^
NameError: name 'os' is not defined. Did you forget to import 'os'?

[METRICS ERR] 1785736410: Traceback (most recent call last):
  File "D:\Projects_2026\ESP32_CYD_Smart_Desk_Dashboard\pc_utility\pc_monitor_app\main.py", line 336, in stream_loop
    if os.path.exists(drive_path):
       ^^
NameError: name 'os' is not defined. Did you forget to import 'os'?

[METRICS ERR] 1785736412: Traceback (most recent call last):
  File "D:\Projects_2026\ESP32_CYD_Smart_Desk_Dashboard\pc_utility\pc_monitor_app\main.py", line 336, in stream_loop
    if os.path.exists(drive_path):
       ^^
NameError: name 'os' is not defined. Did you forget to import 'os'?

[METRICS ERR] 1785736415: Traceback (most recent call last):
  File "D:\Projects_2026\ESP32_CYD_Smart_Desk_Dashboard\pc_utility\pc_monitor_app\main.py", line 336, in stream_loop
    if os.path.exists(drive_path):
       ^^
NameError: name 'os' is not defined. Did you forget to import 'os'?

[METRICS ERR] 1785736417: Traceback (most recent call last):
  File "D:\Projects_2026\ESP32_CYD_Smart_Desk_Dashboard\pc_utility\pc_monitor_app\main.py", line 336, in stream_loop
    if os.path.exists(drive_path):
       ^^
NameError: name 'os' is not defined. Did you forget to import 'os'?

[METRICS ERR] 1785736419: Traceback (most recent call last):
  File "D:\Projects_2026\ESP32_CYD_Smart_Desk_Dashboard\pc_utility\pc_monitor_app\main.py", line 336, in stream_loop
    if os.path.exists(drive_path):
       ^^
NameError: name 'os' is not defined. Did you forget to import 'os'?

[METRICS ERR] 1785736421: Traceback (most recent call last):
  File "D:\Projects_2026\ESP32_CYD_Smart_Desk_Dashboard\pc_utility\pc_monitor_app\main.py", line 336, in stream_loop
    if os.path.exists(drive_path):
       ^^
NameError: name 'os' is not defined. Did you forget to import 'os'?

[METRICS ERR] 1785736423: Traceback (most recent call last):
  File "D:\Projects_2026\ESP32_CYD_Smart_Desk_Dashboard\pc_utility\pc_monitor_app\main.py", line 336, in stream_loop
    if os.path.exists(drive_path):
       ^^
NameError: name 'os' is not defined. Did you forget to import 'os'?

[METRICS ERR] 1785736425: Traceback (most recent call last):
  File "D:\Projects_2026\ESP32_CYD_Smart_Desk_Dashboard\pc_utility\pc_monitor_app\main.py", line 336, in stream_loop
    if os.path.exists(drive_path):
       ^^
NameError: name 'os' is not defined. Did you forget to import 'os'?

[METRICS ERR] 1785736427: Traceback (most recent call last):
  File "D:\Projects_2026\ESP32_CYD_Smart_Desk_Dashboard\pc_utility\pc_monitor_app\main.py", line 336, in stream_loop
    if os.path.exists(drive_path):
       ^^
NameError: name 'os' is not defined. Did you forget to import 'os'?

[METRICS ERR] 1785736429: Traceback (most recent call last):
  File "D:\Projects_2026\ESP32_CYD_Smart_Desk_Dashboard\pc_utility\pc_monitor_app\main.py", line 336, in stream_loop
    if os.path.exists(drive_path):
       ^^
NameError: name 'os' is not defined. Did you forget to import 'os'?

[METRICS ERR] 1785736431: Traceback (most recent call last):
  File "D:\Projects_2026\ESP32_CYD_Smart_Desk_Dashboard\pc_utility\pc_monitor_app\main.py", line 336, in stream_loop
    if os.path.exists(drive_path):
       ^^
NameError: name 'os' is not defined. Did you forget to import 'os'?

[METRICS ERR] 1785736433: Traceback (most recent call last):
  File "D:\Projects_2026\ESP32_CYD_Smart_Desk_Dashboard\pc_utility\pc_monitor_app\main.py", line 336, in stream_loop
    if os.path.exists(drive_path):
       ^^
NameError: name 'os' is not defined. Did you forget to import 'os'?

[METRICS ERR] 1785736435: Traceback (most recent call last):
  File "D:\Projects_2026\ESP32_CYD_Smart_Desk_Dashboard\pc_utility\pc_monitor_app\main.py", line 336, in stream_loop
    if os.path.exists(drive_path):
       ^^
NameError: name 'os' is not defined. Did you forget to import 'os'?

[METRICS ERR] 1785736437: Traceback (most recent call last):
  File "D:\Projects_2026\ESP32_CYD_Smart_Desk_Dashboard\pc_utility\pc_monitor_app\main.py", line 336, in stream_loop
    if os.path.exists(drive_path):
       ^^
NameError: name 'os' is not defined. Did you forget to import 'os'?

[METRICS ERR] 1785736439: Traceback (most recent call last):
  File "D:\Projects_2026\ESP32_CYD_Smart_Desk_Dashboard\pc_utility\pc_monitor_app\main.py", line 336, in stream_loop
    if os.path.exists(drive_path):
       ^^
NameError: name 'os' is not defined. Did you forget to import 'os'?

[METRICS ERR] 1785736441: Traceback (most recent call last):
  File "D:\Projects_2026\ESP32_CYD_Smart_Desk_Dashboard\pc_utility\pc_monitor_app\main.py", line 336, in stream_loop
    if os.path.exists(drive_path):
       ^^
NameError: name 'os' is not defined. Did you forget to import 'os'?

[METRICS ERR] 1785736443: Traceback (most recent call last):
  File "D:\Projects_2026\ESP32_CYD_Smart_Desk_Dashboard\pc_utility\pc_monitor_app\main.py", line 336, in stream_loop
    if os.path.exists(drive_path):
       ^^
NameError: name 'os' is not defined. Did you forget to import 'os'?

[METRICS ERR] 1785736445: Traceback (most recent call last):
  File "D:\Projects_2026\ESP32_CYD_Smart_Desk_Dashboard\pc_utility\pc_monitor_app\main.py", line 336, in stream_loop
    if os.path.exists(drive_path):
       ^^
NameError: name 'os' is not defined. Did you forget to import 'os'?

[METRICS ERR] 1785736447: Traceback (most recent call last):
  File "D:\Projects_2026\ESP32_CYD_Smart_Desk_Dashboard\pc_utility\pc_monitor_app\main.py", line 336, in stream_loop
    if os.path.exists(drive_path):
       ^^
NameError: name 'os' is not defined. Did you forget to import 'os'?

[METRICS ERR] 1785736449: Traceback (most recent call last):
  File "D:\Projects_2026\ESP32_CYD_Smart_Desk_Dashboard\pc_utility\pc_monitor_app\main.py", line 336, in stream_loop
    if os.path.exists(drive_path):
       ^^
NameError: name 'os' is not defined. Did you forget to import 'os'?

[METRICS ERR] 1785736451: Traceback (most recent call last):
  File "D:\Projects_2026\ESP32_CYD_Smart_Desk_Dashboard\pc_utility\pc_monitor_app\main.py", line 336, in stream_loop
    if os.path.exists(drive_path):
       ^^
NameError: name 'os' is not defined. Did you forget to import 'os'?

[METRICS ERR] 1785736453: Traceback (most recent call last):
  File "D:\Projects_2026\ESP32_CYD_Smart_Desk_Dashboard\pc_utility\pc_monitor_app\main.py", line 336, in stream_loop
    if os.path.exists(drive_path):
       ^^
NameError: name 'os' is not defined. Did you forget to import 'os'?

[METRICS ERR] 1785736455: Traceback (most recent call last):
  File "D:\Projects_2026\ESP32_CYD_Smart_Desk_Dashboard\pc_utility\pc_monitor_app\main.py", line 336, in stream_loop
    if os.path.exists(drive_path):
       ^^
NameError: name 'os' is not defined. Did you forget to import 'os'?

[METRICS ERR] 1785736457: Traceback (most recent call last):
  File "D:\Projects_2026\ESP32_CYD_Smart_Desk_Dashboard\pc_utility\pc_monitor_app\main.py", line 336, in stream_loop
    if os.path.exists(drive_path):
       ^^
NameError: name 'os' is not defined. Did you forget to import 'os'?

[METRICS ERR] 1785736459: Traceback (most recent call last):
  File "D:\Projects_2026\ESP32_CYD_Smart_Desk_Dashboard\pc_utility\pc_monitor_app\main.py", line 336, in stream_loop
    if os.path.exists(drive_path):
       ^^
NameError: name 'os' is not defined. Did you forget to import 'os'?

[METRICS ERR] 1785736461: Traceback (most recent call last):
  File "D:\Projects_2026\ESP32_CYD_Smart_Desk_Dashboard\pc_utility\pc_monitor_app\main.py", line 336, in stream_loop
    if os.path.exists(drive_path):
       ^^
NameError: name 'os' is not defined. Did you forget to import 'os'?

[METRICS ERR] 1785736463: Traceback (most recent call last):
  File "D:\Projects_2026\ESP32_CYD_Smart_Desk_Dashboard\pc_utility\pc_monitor_app\main.py", line 336, in stream_loop
    if os.path.exists(drive_path):
       ^^
NameError: name 'os' is not defined. Did you forget to import 'os'?

[METRICS ERR] 1785736465: Traceback (most recent call last):
  File "D:\Projects_2026\ESP32_CYD_Smart_Desk_Dashboard\pc_utility\pc_monitor_app\main.py", line 336, in stream_loop
    if os.path.exists(drive_path):
       ^^
NameError: name 'os' is not defined. Did you forget to import 'os'?

[METRICS ERR] 1785736467: Traceback (most recent call last):
  File "D:\Projects_2026\ESP32_CYD_Smart_Desk_Dashboard\pc_utility\pc_monitor_app\main.py", line 336, in stream_loop
    if os.path.exists(drive_path):
       ^^
NameError: name 'os' is not defined. Did you forget to import 'os'?

[METRICS ERR] 1785736469: Traceback (most recent call last):
  File "D:\Projects_2026\ESP32_CYD_Smart_Desk_Dashboard\pc_utility\pc_monitor_app\main.py", line 336, in stream_loop
    if os.path.exists(drive_path):
       ^^
NameError: name 'os' is not defined. Did you forget to import 'os'?

[METRICS ERR] 1785736471: Traceback (most recent call last):
  File "D:\Projects_2026\ESP32_CYD_Smart_Desk_Dashboard\pc_utility\pc_monitor_app\main.py", line 336, in stream_loop
    if os.path.exists(drive_path):
       ^^
NameError: name 'os' is not defined. Did you forget to import 'os'?

[METRICS ERR] 1785736473: Traceback (most recent call last):
  File "D:\Projects_2026\ESP32_CYD_Smart_Desk_Dashboard\pc_utility\pc_monitor_app\main.py", line 336, in stream_loop
    if os.path.exists(drive_path):
       ^^
NameError: name 'os' is not defined. Did you forget to import 'os'?

[METRICS ERR] 1785736475: Traceback (most recent call last):
  File "D:\Projects_2026\ESP32_CYD_Smart_Desk_Dashboard\pc_utility\pc_monitor_app\main.py", line 336, in stream_loop
    if os.path.exists(drive_path):
       ^^
NameError: name 'os' is not defined. Did you forget to import 'os'?

[METRICS ERR] 1785736477: Traceback (most recent call last):
  File "D:\Projects_2026\ESP32_CYD_Smart_Desk_Dashboard\pc_utility\pc_monitor_app\main.py", line 336, in stream_loop
    if os.path.exists(drive_path):
       ^^
NameError: name 'os' is not defined. Did you forget to import 'os'?

[METRICS ERR] 1785736479: Traceback (most recent call last):
  File "D:\Projects_2026\ESP32_CYD_Smart_Desk_Dashboard\pc_utility\pc_monitor_app\main.py", line 336, in stream_loop
    if os.path.exists(drive_path):
       ^^
NameError: name 'os' is not defined. Did you forget to import 'os'?

[METRICS ERR] 1785736481: Traceback (most recent call last):
  File "D:\Projects_2026\ESP32_CYD_Smart_Desk_Dashboard\pc_utility\pc_monitor_app\main.py", line 336, in stream_loop
    if os.path.exists(drive_path):
       ^^
NameError: name 'os' is not defined. Did you forget to import 'os'?

[METRICS ERR] 1785736483: Traceback (most recent call last):
  File "D:\Projects_2026\ESP32_CYD_Smart_Desk_Dashboard\pc_utility\pc_monitor_app\main.py", line 336, in stream_loop
    if os.path.exists(drive_path):
       ^^
NameError: name 'os' is not defined. Did you forget to import 'os'?

[METRICS ERR] 1785736485: Traceback (most recent call last):
  File "D:\Projects_2026\ESP32_CYD_Smart_Desk_Dashboard\pc_utility\pc_monitor_app\main.py", line 336, in stream_loop
    if os.path.exists(drive_path):
       ^^
NameError: name 'os' is not defined. Did you forget to import 'os'?

[METRICS ERR] 1785736487: Traceback (most recent call last):
  File "D:\Projects_2026\ESP32_CYD_Smart_Desk_Dashboard\pc_utility\pc_monitor_app\main.py", line 336, in stream_loop
NameError: name 'os' is not defined. Did you forget to import 'os'?

[METRICS ERR] 1785736489: Traceback (most recent call last):
  File "D:\Projects_2026\ESP32_CYD_Smart_Desk_Dashboard\pc_utility\pc_monitor_app\main.py", line 336, in stream_loop
NameError: name 'os' is not defined. Did you forget to import 'os'?

[METRICS ERR] 1785736491: Traceback (most recent call last):
  File "D:\Projects_2026\ESP32_CYD_Smart_Desk_Dashboard\pc_utility\pc_monitor_app\main.py", line 336, in stream_loop
NameError: name 'os' is not defined. Did you forget to import 'os'?

[METRICS ERR] 1785736493: Traceback (most recent call last):
  File "D:\Projects_2026\ESP32_CYD_Smart_Desk_Dashboard\pc_utility\pc_monitor_app\main.py", line 336, in stream_loop
NameError: name 'os' is not defined. Did you forget to import 'os'?

[METRICS ERR] 1785736495: Traceback (most recent call last):
  File "D:\Projects_2026\ESP32_CYD_Smart_Desk_Dashboard\pc_utility\pc_monitor_app\main.py", line 336, in stream_loop
NameError: name 'os' is not defined. Did you forget to import 'os'?

[METRICS ERR] 1785736497: Traceback (most recent call last):
  File "D:\Projects_2026\ESP32_CYD_Smart_Desk_Dashboard\pc_utility\pc_monitor_app\main.py", line 336, in stream_loop
NameError: name 'os' is not defined. Did you forget to import 'os'?

[METRICS ERR] 1785736499: Traceback (most recent call last):
  File "D:\Projects_2026\ESP32_CYD_Smart_Desk_Dashboard\pc_utility\pc_monitor_app\main.py", line 336, in stream_loop
NameError: name 'os' is not defined. Did you forget to import 'os'?

[METRICS ERR] 1785736501: Traceback (most recent call last):
  File "D:\Projects_2026\ESP32_CYD_Smart_Desk_Dashboard\pc_utility\pc_monitor_app\main.py", line 336, in stream_loop
NameError: name 'os' is not defined. Did you forget to import 'os'?

[METRICS ERR] 1785736503: Traceback (most recent call last):
  File "D:\Projects_2026\ESP32_CYD_Smart_Desk_Dashboard\pc_utility\pc_monitor_app\main.py", line 336, in stream_loop
NameError: name 'os' is not defined. Did you forget to import 'os'?

[METRICS ERR] 1785736506: Traceback (most recent call last):
  File "D:\Projects_2026\ESP32_CYD_Smart_Desk_Dashboard\pc_utility\pc_monitor_app\main.py", line 336, in stream_loop
NameError: name 'os' is not defined. Did you forget to import 'os'?

[METRICS ERR] 1785736508: Traceback (most recent call last):
  File "D:\Projects_2026\ESP32_CYD_Smart_Desk_Dashboard\pc_utility\pc_monitor_app\main.py", line 336, in stream_loop
NameError: name 'os' is not defined. Did you forget to import 'os'?

[METRICS ERR] 1785736510: Traceback (most recent call last):
  File "D:\Projects_2026\ESP32_CYD_Smart_Desk_Dashboard\pc_utility\pc_monitor_app\main.py", line 336, in stream_loop
NameError: name 'os' is not defined. Did you forget to import 'os'?

[METRICS ERR] 1785736512: Traceback (most recent call last):
  File "D:\Projects_2026\ESP32_CYD_Smart_Desk_Dashboard\pc_utility\pc_monitor_app\main.py", line 336, in stream_loop
NameError: name 'os' is not defined. Did you forget to import 'os'?

[METRICS ERR] 1785736514: Traceback (most recent call last):
  File "D:\Projects_2026\ESP32_CYD_Smart_Desk_Dashboard\pc_utility\pc_monitor_app\main.py", line 336, in stream_loop
NameError: name 'os' is not defined. Did you forget to import 'os'?

[METRICS ERR] 1785736516: Traceback (most recent call last):
  File "D:\Projects_2026\ESP32_CYD_Smart_Desk_Dashboard\pc_utility\pc_monitor_app\main.py", line 336, in stream_loop
NameError: name 'os' is not defined. Did you forget to import 'os'?

[METRICS ERR] 1785736518: Traceback (most recent call last):
  File "D:\Projects_2026\ESP32_CYD_Smart_Desk_Dashboard\pc_utility\pc_monitor_app\main.py", line 336, in stream_loop
    for letter in string.ascii_uppercase:
           ^^
NameError: name 'os' is not defined. Did you forget to import 'os'?

[METRICS ERR] 1785736520: Traceback (most recent call last):
  File "D:\Projects_2026\ESP32_CYD_Smart_Desk_Dashboard\pc_utility\pc_monitor_app\main.py", line 336, in stream_loop
    for letter in string.ascii_uppercase:
           ^^
NameError: name 'os' is not defined. Did you forget to import 'os'?

[METRICS ERR] 1785736522: Traceback (most recent call last):
  File "D:\Projects_2026\ESP32_CYD_Smart_Desk_Dashboard\pc_utility\pc_monitor_app\main.py", line 336, in stream_loop
    for letter in string.ascii_uppercase:
           ^^
NameError: name 'os' is not defined. Did you forget to import 'os'?

[METRICS ERR] 1785736524: Traceback (most recent call last):
  File "D:\Projects_2026\ESP32_CYD_Smart_Desk_Dashboard\pc_utility\pc_monitor_app\main.py", line 336, in stream_loop
    for letter in string.ascii_uppercase:
           ^^
NameError: name 'os' is not defined. Did you forget to import 'os'?

[METRICS ERR] 1785736526: Traceback (most recent call last):
  File "D:\Projects_2026\ESP32_CYD_Smart_Desk_Dashboard\pc_utility\pc_monitor_app\main.py", line 336, in stream_loop
    for letter in string.ascii_uppercase:
           ^^
NameError: name 'os' is not defined. Did you forget to import 'os'?

[METRICS ERR] 1785736528: Traceback (most recent call last):
  File "D:\Projects_2026\ESP32_CYD_Smart_Desk_Dashboard\pc_utility\pc_monitor_app\main.py", line 336, in stream_loop
    for letter in string.ascii_uppercase:
           ^^
NameError: name 'os' is not defined. Did you forget to import 'os'?

[METRICS ERR] 1785736530: Traceback (most recent call last):
  File "D:\Projects_2026\ESP32_CYD_Smart_Desk_Dashboard\pc_utility\pc_monitor_app\main.py", line 336, in stream_loop
    for letter in string.ascii_uppercase:
           ^^
NameError: name 'os' is not defined. Did you forget to import 'os'?

[METRICS ERR] 1785736532: Traceback (most recent call last):
  File "D:\Projects_2026\ESP32_CYD_Smart_Desk_Dashboard\pc_utility\pc_monitor_app\main.py", line 336, in stream_loop
    for letter in string.ascii_uppercase:
           ^^
NameError: name 'os' is not defined. Did you forget to import 'os'?

